fault,site,day,L,A_f,A_f_before,A_a,A_a_before,A_or,A_or_before,A_and,A_and_before,A_f_adj,A_f_adj_before,A_or_adj,A_or_adj_before,A_and_adj,A_and_adj_before
Supply interruption (1-2 d),SITE__577780905,2026-03-25,2,False,False,True,False,True,False,False,False,False,False,True,False,False,False
Supply interruption (1-2 d),SITE__577780905,2026-05-12,1,False,False,True,False,True,False,False,False,False,False,True,False,False,False
"Load drop (sector outage, 1-3 d)",SITE__2041435230,2026-04-07,3,True,False,False,False,True,False,False,False,True,False,True,False,False,False
Rectifier efficiency loss (3-5 d),SITE__2041435230,2026-05-30,5,False,False,True,True,True,True,False,False,False,False,True,True,False,False
Supply interruption (1-2 d),SITE__2295493851,2026-02-27,2,True,True,True,False,True,True,True,False,False,False,True,False,False,False
Battery overheating (2-4 d),SITE__2295493851,2026-04-17,3,False,False,True,False,True,False,False,False,False,False,True,False,False,False
"Load surge (non-RAN load, 1 d)",SITE__1494410911,2026-04-02,1,True,False,True,False,True,False,True,False,True,False,True,False,True,False
Battery overheating (2-4 d),SITE__1494410911,2026-05-19,4,False,False,True,False,True,False,False,False,False,False,True,False,False,False
Supply interruption (1-2 d),SITE__2533338405,2026-02-28,2,False,False,True,False,True,False,False,False,True,True,True,True,True,False
"Load drop (sector outage, 1-3 d)",SITE__2533338405,2026-05-19,3,True,False,False,False,True,False,False,False,True,False,True,False,False,False
"Load surge (non-RAN load, 1 d)",SITE__2045792064,2026-04-30,1,True,False,True,False,True,False,True,False,True,False,True,False,True,False
Supply interruption (1-2 d),SITE__2045792064,2026-03-10,1,False,False,True,False,True,False,False,False,False,False,True,False,False,False
Battery overheating (2-4 d),SITE__1991486494,2026-05-29,2,False,False,True,False,True,False,False,False,False,False,True,False,False,False
"Load drop (sector outage, 1-3 d)",SITE__1991486494,2026-03-11,2,True,False,False,False,True,False,False,False,True,False,True,False,False,False
Supply interruption (1-2 d),SITE__1626717905,2026-04-21,2,False,False,True,False,True,False,False,False,False,False,True,False,False,False
"Load drop (sector outage, 1-3 d)",SITE__1626717905,2026-03-02,3,True,True,False,False,True,True,False,False,True,False,True,False,False,False
RAN meter drift (3-5 d),SITE__702855249,2026-04-21,5,False,False,True,False,True,False,False,False,True,False,True,False,True,False
"Load drop (sector outage, 1-3 d)",SITE__702855249,2026-02-24,2,True,False,False,False,True,False,False,False,True,False,True,False,False,False
Battery overheating (2-4 d),SITE__2432772570,2026-03-28,3,False,False,True,False,True,False,False,False,False,False,True,False,False,False
Supply interruption (1-2 d),SITE__2432772570,2026-05-15,2,False,False,True,False,True,False,False,False,False,False,True,False,False,False
"Load drop (sector outage, 1-3 d)",SITE__2113077755,2026-05-28,3,True,False,False,False,True,False,False,False,True,False,True,False,False,False
Supply interruption (1-2 d),SITE__2113077755,2026-04-04,1,False,False,True,False,True,False,False,False,False,False,True,False,False,False
Supply interruption (1-2 d),SITE__1147541703,2026-03-27,2,False,False,True,True,True,True,False,False,True,False,True,True,True,False
Supply interruption (1-2 d),SITE__1147541703,2026-05-15,1,True,True,True,True,True,True,True,True,True,True,True,True,True,True
"Load surge (non-RAN load, 1 d)",SITE__2100087316,2026-03-30,1,True,False,True,True,True,True,True,False,True,False,True,True,True,False
"Load surge (non-RAN load, 1 d)",SITE__2100087316,2026-05-24,1,True,False,True,False,True,False,True,False,True,False,True,False,True,False
Battery overheating (2-4 d),SITE__2344735508,2026-03-30,4,True,True,True,False,True,True,True,False,False,False,True,False,False,False
"Load drop (sector outage, 1-3 d)",SITE__2344735508,2026-05-20,3,True,False,False,False,True,False,False,False,True,False,True,False,False,False
"Load drop (sector outage, 1-3 d)",SITE__2090756561,2026-05-02,2,True,False,False,False,True,False,False,False,True,False,True,False,False,False
RAN meter drift (3-5 d),SITE__2090756561,2026-02-28,4,True,False,True,False,True,False,True,False,True,False,True,False,True,False
Rectifier efficiency loss (3-5 d),SITE__584736945,2026-03-06,3,False,False,False,False,False,False,False,False,False,False,False,False,False,False
Rectifier efficiency loss (3-5 d),SITE__584736945,2026-05-10,5,False,False,False,False,False,False,False,False,False,False,False,False,False,False
Battery overheating (2-4 d),SITE__317915843,2026-03-19,3,False,False,False,False,False,False,False,False,False,False,False,False,False,False
Battery overheating (2-4 d),SITE__317915843,2026-05-21,2,False,False,True,False,True,False,False,False,False,False,True,False,False,False
Rectifier efficiency loss (3-5 d),SITE__1777027385,2026-02-24,4,False,False,False,False,False,False,False,False,False,False,False,False,False,False
Supply interruption (1-2 d),SITE__1777027385,2026-05-24,1,False,False,True,False,True,False,False,False,False,False,True,False,False,False
Battery overheating (2-4 d),SITE__925469627,2026-03-07,2,False,False,True,False,True,False,False,False,False,False,True,False,False,False
Battery overheating (2-4 d),SITE__925469627,2026-05-30,2,False,False,True,False,True,False,False,False,False,False,True,False,False,False
"Load drop (sector outage, 1-3 d)",SITE__12755957,2026-02-24,3,True,False,False,False,True,False,False,False,True,False,True,False,False,False
"Load drop (sector outage, 1-3 d)",SITE__12755957,2026-05-19,1,True,False,False,False,True,False,False,False,True,False,True,False,False,False
Battery overheating (2-4 d),SITE__734393352,2026-05-05,2,False,False,False,False,False,False,False,False,False,False,False,False,False,False
Rectifier efficiency loss (3-5 d),SITE__734393352,2026-03-03,5,False,False,False,False,False,False,False,False,False,False,False,False,False,False
Supply interruption (1-2 d),SITE__220096845,2026-03-20,1,True,True,True,False,True,True,True,False,True,True,True,True,True,False
"Load surge (non-RAN load, 1 d)",SITE__220096845,2026-05-20,1,True,False,True,False,True,False,True,False,True,False,True,False,True,False
Battery overheating (2-4 d),SITE__1045896652,2026-05-09,4,False,False,True,False,True,False,False,False,False,False,True,False,False,False
RAN meter drift (3-5 d),SITE__1045896652,2026-03-04,3,False,False,True,False,True,False,False,False,False,False,True,False,False,False
Rectifier efficiency loss (3-5 d),SITE__1101085567,2026-03-25,4,False,False,False,False,False,False,False,False,False,False,False,False,False,False
RAN meter drift (3-5 d),SITE__1101085567,2026-05-20,4,True,False,True,False,True,False,True,False,True,False,True,False,True,False
"Load surge (non-RAN load, 1 d)",SITE__575651768,2026-05-22,1,True,False,True,False,True,False,True,False,True,False,True,False,True,False
Supply interruption (1-2 d),SITE__575651768,2026-03-02,2,True,True,True,False,True,True,True,False,False,False,True,False,False,False
Battery overheating (2-4 d),SITE__513020418,2026-04-03,3,False,False,True,False,True,False,False,False,False,False,True,False,False,False
"Load surge (non-RAN load, 1 d)",SITE__513020418,2026-05-27,1,True,False,True,False,True,False,True,False,True,False,True,False,True,False
Rectifier efficiency loss (3-5 d),SITE__2069798404,2026-05-11,3,False,False,False,False,False,False,False,False,False,False,False,False,False,False
Battery overheating (2-4 d),SITE__2069798404,2026-03-03,2,False,False,True,False,True,False,False,False,False,False,True,False,False,False
Rectifier efficiency loss (3-5 d),SITE__1623990650,2026-03-05,4,False,False,False,False,False,False,False,False,False,False,False,False,False,False
Rectifier efficiency loss (3-5 d),SITE__1623990650,2026-05-13,5,False,False,False,False,False,False,False,False,False,False,False,False,False,False
"Load surge (non-RAN load, 1 d)",SITE__833283607,2026-04-28,1,True,False,False,False,True,False,False,False,True,False,True,False,False,False
Supply interruption (1-2 d),SITE__833283607,2026-03-04,1,False,False,True,False,True,False,False,False,False,False,True,False,False,False
Rectifier efficiency loss (3-5 d),SITE__2991336108,2026-03-30,4,False,False,False,False,False,False,False,False,False,False,False,False,False,False
Supply interruption (1-2 d),SITE__2991336108,2026-05-27,1,False,False,True,False,True,False,False,False,False,False,True,False,False,False
Battery overheating (2-4 d),SITE__111009090,2026-03-24,3,False,False,True,False,True,False,False,False,False,False,True,False,False,False
Supply interruption (1-2 d),SITE__111009090,2026-05-12,2,False,False,True,False,True,False,False,False,False,False,True,False,False,False
RAN meter drift (3-5 d),SITE__2267330510,2026-05-12,4,False,False,True,False,True,False,False,False,False,False,True,False,False,False
"Load surge (non-RAN load, 1 d)",SITE__2267330510,2026-03-23,1,True,True,True,False,True,True,True,False,True,False,True,False,True,False
"Load drop (sector outage, 1-3 d)",SITE__1151374750,2026-03-26,3,True,False,False,False,True,False,False,False,True,False,True,False,False,False
"Load surge (non-RAN load, 1 d)",SITE__1151374750,2026-05-20,1,True,False,True,False,True,False,True,False,True,False,True,False,True,False
"Load surge (non-RAN load, 1 d)",SITE__649921053,2026-03-22,1,True,False,True,False,True,False,True,False,True,True,True,True,True,False
RAN meter drift (3-5 d),SITE__649921053,2026-05-08,3,False,False,True,False,True,False,False,False,False,False,True,False,False,False
Battery overheating (2-4 d),SITE__204951973,2026-03-04,2,False,False,False,False,False,False,False,False,False,False,False,False,False,False
Supply interruption (1-2 d),SITE__204951973,2026-05-16,1,False,False,True,False,True,False,False,False,False,False,True,False,False,False
Battery overheating (2-4 d),SITE__1496211057,2026-03-06,2,False,False,True,False,True,False,False,False,False,False,True,False,False,False
Battery overheating (2-4 d),SITE__1496211057,2026-05-11,3,False,False,True,True,True,True,False,False,False,False,True,True,False,False
Supply interruption (1-2 d),SITE__1070250626,2026-04-22,2,False,False,True,False,True,False,False,False,False,False,True,False,False,False
Supply interruption (1-2 d),SITE__1070250626,2026-03-02,1,False,False,True,False,True,False,False,False,False,False,True,False,False,False
Supply interruption (1-2 d),SITE__1046617891,2026-03-23,2,False,False,True,False,True,False,False,False,False,False,True,False,False,False
Battery overheating (2-4 d),SITE__1046617891,2026-05-24,3,False,False,True,False,True,False,False,False,False,False,True,False,False,False
Battery overheating (2-4 d),SITE__1809242793,2026-05-11,4,False,False,True,False,True,False,False,False,False,False,True,False,False,False
RAN meter drift (3-5 d),SITE__1809242793,2026-03-16,5,True,False,True,False,True,False,True,False,True,False,True,False,True,False
RAN meter drift (3-5 d),SITE__2540791164,2026-03-11,3,False,False,True,False,True,False,False,False,False,False,True,False,False,False
"Load surge (non-RAN load, 1 d)",SITE__2540791164,2026-05-13,1,True,False,True,False,True,False,True,False,True,False,True,False,True,False
"Load surge (non-RAN load, 1 d)",SITE__673515977,2026-03-28,1,True,True,True,False,True,True,True,False,True,True,True,True,True,False
RAN meter drift (3-5 d),SITE__673515977,2026-05-25,4,True,True,True,False,True,True,True,False,True,True,True,True,True,False
RAN meter drift (3-5 d),SITE__2346682147,2026-03-24,5,True,False,True,False,True,False,True,False,True,False,True,False,True,False
Supply interruption (1-2 d),SITE__2346682147,2026-05-14,2,False,False,True,False,True,False,False,False,False,False,True,False,False,False
Supply interruption (1-2 d),SITE__716321525,2026-03-04,1,False,False,True,False,True,False,False,False,False,False,True,False,False,False
Battery overheating (2-4 d),SITE__716321525,2026-04-29,3,False,False,True,False,True,False,False,False,False,False,True,False,False,False
Battery overheating (2-4 d),SITE__1292088601,2026-05-27,2,True,True,True,False,True,True,True,False,True,True,True,True,True,False
Rectifier efficiency loss (3-5 d),SITE__1292088601,2026-03-26,3,True,True,False,False,True,True,False,False,True,True,True,True,False,False
Supply interruption (1-2 d),SITE__1332395853,2026-05-17,2,False,False,True,False,True,False,False,False,False,False,True,False,False,False
"Load drop (sector outage, 1-3 d)",SITE__1332395853,2026-04-02,2,True,False,False,False,True,False,False,False,True,False,True,False,False,False
Rectifier efficiency loss (3-5 d),SITE__2571265220,2026-05-04,5,False,False,False,False,False,False,False,False,False,False,False,False,False,False
Rectifier efficiency loss (3-5 d),SITE__2571265220,2026-03-10,3,False,False,False,False,False,False,False,False,False,False,False,False,False,False
Supply interruption (1-2 d),SITE__2932955543,2026-03-24,2,False,False,True,False,True,False,False,False,False,False,True,False,False,False
RAN meter drift (3-5 d),SITE__2932955543,2026-05-14,5,True,False,True,False,True,False,True,False,True,False,True,False,True,False
Supply interruption (1-2 d),SITE__282621576,2026-03-24,1,False,False,True,False,True,False,False,False,False,False,True,False,False,False
Battery overheating (2-4 d),SITE__282621576,2026-05-13,3,False,False,True,False,True,False,False,False,False,False,True,False,False,False
"Load drop (sector outage, 1-3 d)",SITE__1711645380,2026-05-28,1,True,False,False,False,True,False,False,False,True,False,True,False,False,False
"Load drop (sector outage, 1-3 d)",SITE__1711645380,2026-03-03,3,True,False,False,False,True,False,False,False,True,False,True,False,False,False
"Load drop (sector outage, 1-3 d)",SITE__2712441490,2026-04-27,2,True,False,False,False,True,False,False,False,True,False,True,False,False,False
Battery overheating (2-4 d),SITE__2712441490,2026-03-03,3,False,False,True,False,True,False,False,False,False,False,True,False,False,False
Supply interruption (1-2 d),SITE__359138051,2026-05-30,1,False,False,True,False,True,False,False,False,False,False,True,False,False,False
RAN meter drift (3-5 d),SITE__359138051,2026-03-02,5,False,False,False,False,False,False,False,False,False,False,False,False,False,False
Battery overheating (2-4 d),SITE__2759293306,2026-04-10,4,False,False,True,False,True,False,False,False,False,False,True,False,False,False
Supply interruption (1-2 d),SITE__2759293306,2026-05-30,1,False,False,True,False,True,False,False,False,False,False,True,False,False,False
"Load surge (non-RAN load, 1 d)",SITE__1797038715,2026-05-01,1,True,False,True,False,True,False,True,False,True,False,True,False,True,False
Rectifier efficiency loss (3-5 d),SITE__1797038715,2026-03-09,5,False,False,False,False,False,False,False,False,False,False,False,False,False,False
Battery overheating (2-4 d),SITE__2962483071,2026-03-16,2,False,False,True,False,True,False,False,False,False,False,True,False,False,False
"Load drop (sector outage, 1-3 d)",SITE__2962483071,2026-05-18,3,True,False,False,False,True,False,False,False,True,False,True,False,False,False
Rectifier efficiency loss (3-5 d),SITE__649347323,2026-04-11,5,False,False,True,True,True,True,False,False,False,False,True,True,False,False
Rectifier efficiency loss (3-5 d),SITE__649347323,2026-06-02,3,False,False,True,True,True,True,False,False,False,False,True,True,False,False
Rectifier efficiency loss (3-5 d),SITE__2168667610,2026-04-07,5,False,False,False,False,False,False,False,False,False,False,False,False,False,False
"Load drop (sector outage, 1-3 d)",SITE__2168667610,2026-05-23,3,True,False,True,True,True,True,True,False,True,False,True,True,True,False
Supply interruption (1-2 d),SITE__2825746906,2026-04-27,1,False,False,True,False,True,False,False,False,False,False,True,False,False,False
RAN meter drift (3-5 d),SITE__2825746906,2026-03-06,3,False,False,True,False,True,False,False,False,False,False,True,False,False,False
"Load surge (non-RAN load, 1 d)",SITE__589829318,2026-03-13,1,True,False,True,False,True,False,True,False,True,False,True,False,True,False
Rectifier efficiency loss (3-5 d),SITE__589829318,2026-05-03,4,False,False,False,False,False,False,False,False,False,False,False,False,False,False
RAN meter drift (3-5 d),SITE__2048698089,2026-04-13,5,False,False,False,False,False,False,False,False,False,False,False,False,False,False
Rectifier efficiency loss (3-5 d),SITE__2048698089,2026-02-27,3,False,False,False,False,False,False,False,False,False,False,False,False,False,False
"Load surge (non-RAN load, 1 d)",SITE__1097887792,2026-04-04,1,True,True,True,False,True,True,True,False,True,False,True,False,True,False
"Load drop (sector outage, 1-3 d)",SITE__1097887792,2026-05-23,1,True,False,False,False,True,False,False,False,True,False,True,False,False,False
Supply interruption (1-2 d),SITE__1312497735,2026-04-06,2,False,False,True,False,True,False,False,False,False,False,True,False,False,False
"Load drop (sector outage, 1-3 d)",SITE__1312497735,2026-05-25,2,True,False,False,False,True,False,False,False,True,False,True,False,False,False
Rectifier efficiency loss (3-5 d),SITE__1802574090,2026-03-17,4,False,False,False,False,False,False,False,False,False,False,False,False,False,False
Rectifier efficiency loss (3-5 d),SITE__1802574090,2026-05-04,4,True,True,True,False,True,True,True,False,False,False,True,False,False,False
"Load drop (sector outage, 1-3 d)",SITE__1164280223,2026-04-30,2,True,False,False,False,True,False,False,False,True,False,True,False,False,False
RAN meter drift (3-5 d),SITE__1164280223,2026-02-28,4,True,True,True,False,True,True,True,False,False,False,True,False,False,False
Battery overheating (2-4 d),SITE__1051697911,2026-02-26,3,False,False,True,True,True,True,False,False,False,False,True,True,False,False
"Load drop (sector outage, 1-3 d)",SITE__1051697911,2026-04-27,3,True,False,True,True,True,True,True,False,True,True,True,True,True,True
"Load surge (non-RAN load, 1 d)",SITE__1978848040,2026-03-30,1,True,False,True,True,True,True,True,False,True,False,True,True,True,False
Rectifier efficiency loss (3-5 d),SITE__1978848040,2026-05-20,3,False,False,True,False,True,False,False,False,False,False,True,False,False,False
RAN meter drift (3-5 d),SITE__1121416735,2026-04-13,5,True,False,True,False,True,False,True,False,True,True,True,True,True,False
RAN meter drift (3-5 d),SITE__1121416735,2026-06-02,5,True,True,True,True,True,True,True,True,True,False,True,True,True,False
RAN meter drift (3-5 d),SITE__537688507,2026-05-19,4,False,False,True,False,True,False,False,False,False,False,True,False,False,False
RAN meter drift (3-5 d),SITE__537688507,2026-02-25,5,True,True,True,False,True,True,True,False,True,True,True,True,True,False
Rectifier efficiency loss (3-5 d),SITE__703918076,2026-05-20,3,False,False,False,False,False,False,False,False,False,False,False,False,False,False
"Load drop (sector outage, 1-3 d)",SITE__703918076,2026-03-22,3,True,True,False,False,True,True,False,False,True,False,True,False,False,False
RAN meter drift (3-5 d),SITE__1888897140,2026-04-24,5,False,False,True,False,True,False,False,False,False,False,True,False,False,False
Rectifier efficiency loss (3-5 d),SITE__1888897140,2026-03-06,3,False,False,False,False,False,False,False,False,False,False,False,False,False,False
Battery overheating (2-4 d),SITE__1881874563,2026-05-10,2,False,False,True,False,True,False,False,False,False,False,True,False,False,False
Battery overheating (2-4 d),SITE__1881874563,2026-03-04,2,False,False,True,False,True,False,False,False,False,False,True,False,False,False
"Load surge (non-RAN load, 1 d)",SITE__514961164,2026-03-24,1,True,False,True,False,True,False,True,False,True,False,True,False,True,False
Supply interruption (1-2 d),SITE__514961164,2026-06-03,2,False,False,True,False,True,False,False,False,False,False,True,False,False,False
RAN meter drift (3-5 d),SITE__2890520850,2026-05-06,3,False,False,True,False,True,False,False,False,False,False,True,False,False,False
"Load surge (non-RAN load, 1 d)",SITE__2890520850,2026-03-09,1,True,False,True,False,True,False,True,False,True,False,True,False,True,False
"Load drop (sector outage, 1-3 d)",SITE__2029896032,2026-04-25,2,True,False,True,True,True,True,True,False,True,False,True,True,True,False
Rectifier efficiency loss (3-5 d),SITE__2029896032,2026-03-06,3,False,False,True,False,True,False,False,False,True,True,True,True,False,False
"Load drop (sector outage, 1-3 d)",SITE__1299337475,2026-04-16,1,True,False,False,False,True,False,False,False,True,False,True,False,False,False
Rectifier efficiency loss (3-5 d),SITE__1299337475,2026-06-02,5,False,False,False,False,False,False,False,False,False,False,False,False,False,False
"Load surge (non-RAN load, 1 d)",SITE__1722469291,2026-03-25,1,True,False,True,False,True,False,True,False,True,False,True,False,True,False
"Load drop (sector outage, 1-3 d)",SITE__1722469291,2026-05-28,2,True,True,False,False,True,True,False,False,True,False,True,False,False,False
RAN meter drift (3-5 d),SITE__1474967169,2026-04-10,3,False,False,True,False,True,False,False,False,True,False,True,False,True,False
Battery overheating (2-4 d),SITE__1474967169,2026-06-02,4,False,False,True,False,True,False,False,False,False,False,True,False,False,False
Rectifier efficiency loss (3-5 d),SITE__1746923348,2026-05-25,4,False,False,False,False,False,False,False,False,False,False,False,False,False,False
Supply interruption (1-2 d),SITE__1746923348,2026-03-24,2,False,False,True,True,True,True,False,False,False,False,True,True,False,False
RAN meter drift (3-5 d),SITE__1999977585,2026-04-22,3,True,True,True,False,True,True,True,False,True,True,True,True,True,False
Supply interruption (1-2 d),SITE__1999977585,2026-02-24,2,False,False,True,False,True,False,False,False,False,False,True,False,False,False
"Load drop (sector outage, 1-3 d)",SITE__808669536,2026-04-11,3,True,False,False,False,True,False,False,False,True,False,True,False,False,False
RAN meter drift (3-5 d),SITE__808669536,2026-05-31,5,True,False,True,False,True,False,True,False,True,False,True,False,True,False
Rectifier efficiency loss (3-5 d),SITE__157636175,2026-04-06,4,False,False,False,False,False,False,False,False,False,False,False,False,False,False
Supply interruption (1-2 d),SITE__157636175,2026-06-03,2,False,False,True,True,True,True,False,False,False,False,True,True,False,False
Battery overheating (2-4 d),SITE__1404721209,2026-04-11,3,False,False,False,False,False,False,False,False,False,False,False,False,False,False
"Load surge (non-RAN load, 1 d)",SITE__1404721209,2026-05-26,1,True,False,True,False,True,False,True,False,True,False,True,False,True,False
"Load drop (sector outage, 1-3 d)",SITE__919787140,2026-03-06,2,True,False,False,False,True,False,False,False,True,False,True,False,False,False
Rectifier efficiency loss (3-5 d),SITE__919787140,2026-04-23,4,False,False,False,False,False,False,False,False,False,False,False,False,False,False
RAN meter drift (3-5 d),SITE__1308135878,2026-02-27,3,True,True,True,True,True,True,True,True,True,True,True,True,True,True
Rectifier efficiency loss (3-5 d),SITE__1308135878,2026-05-29,5,False,False,False,False,False,False,False,False,True,False,True,False,False,False
"Load drop (sector outage, 1-3 d)",SITE__693674526,2026-05-21,2,True,False,False,False,True,False,False,False,True,False,True,False,False,False
"Load surge (non-RAN load, 1 d)",SITE__693674526,2026-03-08,1,True,False,True,False,True,False,True,False,True,False,True,False,True,False
Battery overheating (2-4 d),SITE__2045668931,2026-02-25,3,False,False,True,False,True,False,False,False,True,True,True,True,False,False
RAN meter drift (3-5 d),SITE__2045668931,2026-05-16,4,True,False,True,False,True,False,True,False,True,False,True,False,True,False
"Load surge (non-RAN load, 1 d)",SITE__2413542415,2026-04-19,1,True,False,True,False,True,False,True,False,True,False,True,False,True,False
Battery overheating (2-4 d),SITE__2413542415,2026-03-03,2,False,False,False,False,False,False,False,False,False,False,False,False,False,False
Supply interruption (1-2 d),SITE__132070783,2026-03-31,1,False,False,True,False,True,False,False,False,False,False,True,False,False,False
"Load surge (non-RAN load, 1 d)",SITE__132070783,2026-05-31,1,True,False,True,False,True,False,True,False,True,False,True,False,True,False
Battery overheating (2-4 d),SITE__1912692920,2026-04-15,4,True,True,False,False,True,True,False,False,True,True,True,True,False,False
"Load drop (sector outage, 1-3 d)",SITE__1912692920,2026-02-26,2,True,False,False,False,True,False,False,False,True,False,True,False,False,False
Supply interruption (1-2 d),SITE__1468949176,2026-05-24,1,False,False,True,False,True,False,False,False,False,False,True,False,False,False
"Load surge (non-RAN load, 1 d)",SITE__1468949176,2026-04-07,1,True,False,True,False,True,False,True,False,True,False,True,False,True,False
Rectifier efficiency loss (3-5 d),SITE__2874314222,2026-04-02,5,False,False,False,False,False,False,False,False,False,False,False,False,False,False
Supply interruption (1-2 d),SITE__2874314222,2026-05-17,1,False,False,True,False,True,False,False,False,False,False,True,False,False,False
Supply interruption (1-2 d),SITE__1739645177,2026-05-12,1,False,False,True,False,True,False,False,False,False,False,True,False,False,False
Battery overheating (2-4 d),SITE__1739645177,2026-03-09,3,False,False,True,False,True,False,False,False,False,False,True,False,False,False
Supply interruption (1-2 d),SITE__2641718338,2026-03-14,2,True,True,True,False,True,True,True,False,True,True,True,True,True,False
RAN meter drift (3-5 d),SITE__2641718338,2026-06-02,3,False,False,True,False,True,False,False,False,False,False,True,False,False,False
Battery overheating (2-4 d),SITE__1296859474,2026-03-09,2,False,False,True,False,True,False,False,False,False,False,True,False,False,False
RAN meter drift (3-5 d),SITE__1296859474,2026-05-20,4,False,False,True,True,True,True,False,False,False,False,True,True,False,False
Supply interruption (1-2 d),SITE__192028575,2026-04-04,1,False,False,True,False,True,False,False,False,False,False,True,False,False,False
"Load drop (sector outage, 1-3 d)",SITE__192028575,2026-05-22,2,True,False,False,False,True,False,False,False,True,False,True,False,False,False
"Load drop (sector outage, 1-3 d)",SITE__197026742,2026-03-17,3,True,True,True,True,True,True,True,True,True,True,True,True,True,True
RAN meter drift (3-5 d),SITE__197026742,2026-05-06,3,True,True,True,True,True,True,True,True,True,True,True,True,True,True
RAN meter drift (3-5 d),SITE__358058594,2026-05-08,5,False,False,True,False,True,False,False,False,False,False,True,False,False,False
Supply interruption (1-2 d),SITE__358058594,2026-02-24,2,True,True,True,False,True,True,True,False,True,True,True,True,True,False
"Load drop (sector outage, 1-3 d)",SITE__113589159,2026-04-08,1,True,False,False,False,True,False,False,False,True,False,True,False,False,False
"Load surge (non-RAN load, 1 d)",SITE__113589159,2026-05-28,1,True,False,True,False,True,False,True,False,True,False,True,False,True,False
"Load surge (non-RAN load, 1 d)",SITE__2562636587,2026-05-03,1,True,False,True,False,True,False,True,False,True,False,True,False,True,False
Supply interruption (1-2 d),SITE__2562636587,2026-03-15,1,False,False,True,False,True,False,False,False,False,False,True,False,False,False
"Load drop (sector outage, 1-3 d)",SITE__1308511943,2026-05-20,3,True,False,False,False,True,False,False,False,True,False,True,False,False,False
Supply interruption (1-2 d),SITE__1308511943,2026-03-18,1,False,False,True,False,True,False,False,False,False,False,True,False,False,False
"Load surge (non-RAN load, 1 d)",SITE__2730797508,2026-04-11,1,True,True,True,False,True,True,True,False,True,True,True,True,True,False
"Load surge (non-RAN load, 1 d)",SITE__2730797508,2026-06-01,1,True,True,True,False,True,True,True,False,True,True,True,True,True,False
Rectifier efficiency loss (3-5 d),SITE__307093195,2026-05-27,5,True,True,False,False,True,True,False,False,True,True,True,True,False,False
Supply interruption (1-2 d),SITE__307093195,2026-04-04,1,True,True,True,False,True,True,True,False,False,False,True,False,False,False
"Load surge (non-RAN load, 1 d)",SITE__2324746177,2026-05-21,1,True,False,True,False,True,False,True,False,True,False,True,False,True,False
Supply interruption (1-2 d),SITE__2324746177,2026-03-05,2,False,False,True,False,True,False,False,False,False,False,True,False,False,False
Battery overheating (2-4 d),SITE__2464350198,2026-05-21,2,False,False,True,True,True,True,False,False,False,False,True,True,False,False
Supply interruption (1-2 d),SITE__2464350198,2026-03-28,1,False,False,True,False,True,False,False,False,True,True,True,True,True,False
Supply interruption (1-2 d),SITE__1100661039,2026-04-13,1,False,False,True,False,True,False,False,False,False,False,True,False,False,False
Supply interruption (1-2 d),SITE__1100661039,2026-02-24,2,False,False,True,False,True,False,False,False,False,False,True,False,False,False
"Load drop (sector outage, 1-3 d)",SITE__1032064821,2026-05-14,2,True,False,False,False,True,False,False,False,True,False,True,False,False,False
"Load drop (sector outage, 1-3 d)",SITE__1032064821,2026-03-22,1,True,False,False,False,True,False,False,False,True,False,True,False,False,False
"Load drop (sector outage, 1-3 d)",SITE__2622784394,2026-05-14,3,True,False,False,False,True,False,False,False,True,False,True,False,False,False
Supply interruption (1-2 d),SITE__2622784394,2026-03-10,1,False,False,True,False,True,False,False,False,False,False,True,False,False,False
"Load surge (non-RAN load, 1 d)",SITE__1967013633,2026-03-06,1,True,False,True,False,True,False,True,False,True,False,True,False,True,False
"Load surge (non-RAN load, 1 d)",SITE__1967013633,2026-06-01,1,True,False,True,False,True,False,True,False,True,False,True,False,True,False
Rectifier efficiency loss (3-5 d),SITE__809318809,2026-02-28,3,True,True,False,False,True,True,False,False,False,False,False,False,False,False
RAN meter drift (3-5 d),SITE__809318809,2026-04-28,5,False,False,True,False,True,False,False,False,False,False,True,False,False,False
Rectifier efficiency loss (3-5 d),SITE__291635907,2026-03-12,5,False,False,True,False,True,False,False,False,False,False,True,False,False,False
Rectifier efficiency loss (3-5 d),SITE__291635907,2026-05-24,3,False,False,True,False,True,False,False,False,False,False,True,False,False,False
Rectifier efficiency loss (3-5 d),SITE__963182053,2026-04-19,3,False,False,False,False,False,False,False,False,False,False,False,False,False,False
"Load drop (sector outage, 1-3 d)",SITE__963182053,2026-02-25,3,True,False,False,False,True,False,False,False,True,False,True,False,False,False
Rectifier efficiency loss (3-5 d),SITE__884773691,2026-03-10,4,False,False,False,False,False,False,False,False,False,False,False,False,False,False
"Load drop (sector outage, 1-3 d)",SITE__884773691,2026-06-02,3,True,False,False,False,True,False,False,False,True,False,True,False,False,False
Rectifier efficiency loss (3-5 d),SITE__2837056850,2026-05-14,4,False,False,False,False,False,False,False,False,False,False,False,False,False,False
"Load drop (sector outage, 1-3 d)",SITE__2837056850,2026-03-24,3,True,False,False,False,True,False,False,False,True,False,True,False,False,False
Rectifier efficiency loss (3-5 d),SITE__152597667,2026-03-23,3,False,False,False,False,False,False,False,False,False,False,False,False,False,False
RAN meter drift (3-5 d),SITE__152597667,2026-06-02,3,False,False,True,False,True,False,False,False,False,False,True,False,False,False
Battery overheating (2-4 d),SITE__2199139469,2026-05-29,4,False,False,False,False,False,False,False,False,False,False,False,False,False,False
Rectifier efficiency loss (3-5 d),SITE__2199139469,2026-04-03,4,False,False,False,False,False,False,False,False,False,False,False,False,False,False
Supply interruption (1-2 d),SITE__2749941697,2026-04-01,1,False,False,True,False,True,False,False,False,False,False,True,False,False,False
Battery overheating (2-4 d),SITE__2749941697,2026-05-30,4,False,False,True,False,True,False,False,False,False,False,True,False,False,False
Rectifier efficiency loss (3-5 d),SITE__841924911,2026-06-03,4,False,False,False,False,False,False,False,False,False,False,False,False,False,False
"Load drop (sector outage, 1-3 d)",SITE__841924911,2026-04-08,2,True,False,False,False,True,False,False,False,True,False,True,False,False,False
Rectifier efficiency loss (3-5 d),SITE__1292570284,2026-06-03,5,False,False,False,False,False,False,False,False,False,False,False,False,False,False
"Load drop (sector outage, 1-3 d)",SITE__1292570284,2026-02-27,2,True,False,False,False,True,False,False,False,True,False,True,False,False,False
RAN meter drift (3-5 d),SITE__1409939816,2026-05-26,3,False,False,True,False,True,False,False,False,True,False,True,False,True,False
Rectifier efficiency loss (3-5 d),SITE__1409939816,2026-03-20,4,False,False,False,False,False,False,False,False,False,False,False,False,False,False
Battery overheating (2-4 d),SITE__2935220672,2026-03-19,3,True,True,False,False,True,True,False,False,True,True,True,True,False,False
"Load surge (non-RAN load, 1 d)",SITE__2935220672,2026-05-13,1,True,False,True,False,True,False,True,False,True,False,True,False,True,False
Supply interruption (1-2 d),SITE__2852572908,2026-03-23,2,False,False,True,False,True,False,False,False,False,False,True,False,False,False
Battery overheating (2-4 d),SITE__2852572908,2026-05-12,2,False,False,True,False,True,False,False,False,False,False,True,False,False,False
"Load drop (sector outage, 1-3 d)",SITE__555290030,2026-03-14,2,True,False,False,False,True,False,False,False,True,False,True,False,False,False
"Load drop (sector outage, 1-3 d)",SITE__555290030,2026-05-12,2,True,False,False,False,True,False,False,False,True,False,True,False,False,False
"Load surge (non-RAN load, 1 d)",SITE__718843040,2026-04-19,1,True,False,True,False,True,False,True,False,True,False,True,False,True,False
Rectifier efficiency loss (3-5 d),SITE__718843040,2026-02-25,5,True,True,True,True,True,True,True,True,True,True,True,True,True,True
"Load surge (non-RAN load, 1 d)",SITE__740847585,2026-03-18,1,True,False,True,False,True,False,True,False,True,False,True,False,True,False
"Load surge (non-RAN load, 1 d)",SITE__740847585,2026-05-13,1,True,False,True,False,True,False,True,False,True,False,True,False,True,False
"Load surge (non-RAN load, 1 d)",SITE__1392811521,2026-05-23,1,True,False,True,False,True,False,True,False,True,False,True,False,True,False
Battery overheating (2-4 d),SITE__1392811521,2026-03-21,2,True,True,True,False,True,True,True,False,True,True,True,True,True,False
"Load drop (sector outage, 1-3 d)",SITE__1156111105,2026-05-05,3,True,False,False,False,True,False,False,False,True,False,True,False,False,False
"Load drop (sector outage, 1-3 d)",SITE__1156111105,2026-02-26,1,True,False,False,False,True,False,False,False,True,True,True,True,False,False
Supply interruption (1-2 d),SITE__1279557309,2026-05-08,1,True,True,True,True,True,True,True,True,True,True,True,True,True,True
Rectifier efficiency loss (3-5 d),SITE__1279557309,2026-02-28,5,True,True,True,True,True,True,True,True,True,True,True,True,True,True
Supply interruption (1-2 d),SITE__1470593726,2026-04-01,2,False,False,True,False,True,False,False,False,False,False,True,False,False,False
RAN meter drift (3-5 d),SITE__1470593726,2026-05-28,3,False,False,True,False,True,False,False,False,False,False,True,False,False,False
Supply interruption (1-2 d),SITE__1234995153,2026-05-13,2,False,False,True,False,True,False,False,False,False,False,True,False,False,False
RAN meter drift (3-5 d),SITE__1234995153,2026-03-02,5,True,False,True,False,True,False,True,False,True,False,True,False,True,False
"Load surge (non-RAN load, 1 d)",SITE__1962623002,2026-02-25,1,True,False,False,False,True,False,False,False,True,False,True,False,False,False
Supply interruption (1-2 d),SITE__2813629035,2026-03-09,2,False,False,True,False,True,False,False,False,False,False,True,False,False,False
"Load drop (sector outage, 1-3 d)",SITE__2813629035,2026-04-23,1,True,False,False,False,True,False,False,False,True,False,True,False,False,False
RAN meter drift (3-5 d),SITE__1796533840,2026-04-19,5,True,False,True,False,True,False,True,False,True,False,True,False,True,False
RAN meter drift (3-5 d),SITE__1796533840,2026-02-26,3,True,True,True,False,True,True,True,False,False,False,True,False,False,False
RAN meter drift (3-5 d),SITE__218724052,2026-04-30,3,True,False,True,False,True,False,True,False,True,True,True,True,True,False
RAN meter drift (3-5 d),SITE__218724052,2026-03-15,4,True,False,True,True,True,True,True,False,False,False,True,True,False,False
"Load surge (non-RAN load, 1 d)",SITE__1113357663,2026-05-14,1,True,False,True,False,True,False,True,False,True,False,True,False,True,False
"Load surge (non-RAN load, 1 d)",SITE__1113357663,2026-03-30,1,True,True,True,False,True,True,True,False,True,False,True,False,True,False
RAN meter drift (3-5 d),SITE__2256593832,2026-05-08,3,True,False,True,False,True,False,True,False,False,False,True,False,False,False
"Load drop (sector outage, 1-3 d)",SITE__2256593832,2026-03-08,3,True,False,False,False,True,False,False,False,True,False,True,False,False,False
Battery overheating (2-4 d),SITE__1927742978,2026-05-08,3,False,False,True,False,True,False,False,False,False,False,True,False,False,False
Battery overheating (2-4 d),SITE__1927742978,2026-02-27,2,True,True,True,False,True,True,True,False,False,False,True,False,False,False
Rectifier efficiency loss (3-5 d),SITE__2902623100,2026-04-28,5,False,False,False,False,False,False,False,False,False,False,False,False,False,False
"Load drop (sector outage, 1-3 d)",SITE__2902623100,2026-03-05,1,True,False,True,True,True,True,True,False,True,False,True,True,True,False
"Load surge (non-RAN load, 1 d)",SITE__1501427847,2026-03-17,1,True,False,True,True,True,True,True,False,True,False,True,True,True,False
Supply interruption (1-2 d),SITE__970036143,2026-04-02,2,False,False,True,False,True,False,False,False,False,False,True,False,False,False
Rectifier efficiency loss (3-5 d),SITE__970036143,2026-05-19,4,False,False,False,False,False,False,False,False,False,False,False,False,False,False
"Load drop (sector outage, 1-3 d)",SITE__995725888,2026-05-31,2,True,False,False,False,True,False,False,False,True,False,True,False,False,False
"Load drop (sector outage, 1-3 d)",SITE__995725888,2026-04-11,3,True,True,False,False,True,True,False,False,True,False,True,False,False,False
"Load drop (sector outage, 1-3 d)",SITE__2676795702,2026-03-01,3,True,False,False,False,True,False,False,False,True,False,True,False,False,False
Supply interruption (1-2 d),SITE__2676795702,2026-05-28,2,False,False,True,False,True,False,False,False,False,False,True,False,False,False
"Load surge (non-RAN load, 1 d)",SITE__815838117,2026-05-02,1,True,False,True,False,True,False,True,False,True,False,True,False,True,False
RAN meter drift (3-5 d),SITE__815838117,2026-03-14,5,True,False,True,False,True,False,True,False,True,False,True,False,True,False
RAN meter drift (3-5 d),SITE__2427014400,2026-05-20,4,True,False,True,False,True,False,False,False,True,False,True,False,False,False
"Load surge (non-RAN load, 1 d)",SITE__2427014400,2026-04-03,1,True,True,False,False,True,True,False,False,True,True,True,True,False,False
Rectifier efficiency loss (3-5 d),SITE__393774620,2026-04-08,5,False,False,False,False,False,False,False,False,False,False,False,False,False,False
RAN meter drift (3-5 d),SITE__393774620,2026-06-03,5,True,True,True,True,True,True,True,True,True,True,True,True,True,True
"Load drop (sector outage, 1-3 d)",SITE__2633982984,2026-04-11,1,True,False,False,False,True,False,False,False,True,False,True,False,False,False
"Load drop (sector outage, 1-3 d)",SITE__2633982984,2026-06-02,2,True,False,False,False,True,False,False,False,True,False,True,False,False,False
Rectifier efficiency loss (3-5 d),SITE__2315490973,2026-04-03,5,True,True,False,False,True,True,False,False,True,True,True,True,False,False
"Load drop (sector outage, 1-3 d)",SITE__2315490973,2026-05-20,1,True,False,False,False,True,False,False,False,True,False,True,False,False,False
Rectifier efficiency loss (3-5 d),SITE__635311629,2026-05-31,3,False,False,False,False,False,False,False,False,False,False,False,False,False,False
"Load drop (sector outage, 1-3 d)",SITE__635311629,2026-04-15,3,True,False,False,False,True,False,False,False,True,False,True,False,False,False
"Load drop (sector outage, 1-3 d)",SITE__185847820,2026-04-26,2,True,False,False,False,True,False,False,False,True,False,True,False,False,False
"Load surge (non-RAN load, 1 d)",SITE__185847820,2026-03-12,1,True,False,True,False,True,False,True,False,True,False,True,False,True,False
"Load surge (non-RAN load, 1 d)",SITE__2955469811,2026-03-16,1,True,False,True,False,True,False,True,False,True,False,True,False,True,False
Rectifier efficiency loss (3-5 d),SITE__2955469811,2026-06-01,4,False,False,False,False,False,False,False,False,False,False,False,False,False,False
Battery overheating (2-4 d),SITE__2954780462,2026-04-18,2,False,False,True,False,True,False,False,False,False,False,True,False,False,False
Supply interruption (1-2 d),SITE__2954780462,2026-02-25,1,False,False,True,False,True,False,False,False,False,False,True,False,False,False
RAN meter drift (3-5 d),SITE__2629128569,2026-02-25,5,True,True,True,True,True,True,True,False,True,True,True,True,True,False
Battery overheating (2-4 d),SITE__2535976527,2026-05-20,4,False,False,False,False,False,False,False,False,False,False,False,False,False,False
Battery overheating (2-4 d),SITE__2535976527,2026-03-19,3,False,False,False,False,False,False,False,False,True,True,True,True,False,False
Battery overheating (2-4 d),SITE__2551021569,2026-04-19,4,False,False,True,True,True,True,False,False,False,False,True,True,False,False
"Load surge (non-RAN load, 1 d)",SITE__2551021569,2026-02-26,1,True,False,True,False,True,False,True,False,True,False,True,False,True,False
RAN meter drift (3-5 d),SITE__1683621637,2026-05-11,4,False,False,True,False,True,False,False,False,True,False,True,False,True,False
"Load drop (sector outage, 1-3 d)",SITE__1683621637,2026-03-09,3,True,False,False,False,True,False,False,False,True,False,True,False,False,False
"Load drop (sector outage, 1-3 d)",SITE__1411694050,2026-04-20,1,True,True,True,True,True,True,True,True,True,True,True,True,True,True
"Load drop (sector outage, 1-3 d)",SITE__1411694050,2026-03-05,3,True,False,False,False,True,False,False,False,True,False,True,False,False,False
RAN meter drift (3-5 d),SITE__1880514120,2026-03-04,3,False,False,True,False,True,False,False,False,False,False,True,False,False,False
Battery overheating (2-4 d),SITE__1880514120,2026-04-27,3,False,False,False,False,False,False,False,False,False,False,False,False,False,False
"Load surge (non-RAN load, 1 d)",SITE__1982176344,2026-05-22,1,True,False,True,False,True,False,True,False,True,False,True,False,True,False
"Load drop (sector outage, 1-3 d)",SITE__1982176344,2026-04-06,1,True,False,False,False,True,False,False,False,True,False,True,False,False,False
"Load drop (sector outage, 1-3 d)",SITE__904812591,2026-04-15,1,True,False,False,False,True,False,False,False,True,False,True,False,False,False
Rectifier efficiency loss (3-5 d),SITE__904812591,2026-02-26,3,True,True,True,True,True,True,True,True,True,True,True,True,False,False
Supply interruption (1-2 d),SITE__352233149,2026-04-26,2,False,False,True,False,True,False,False,False,False,False,True,False,False,False
RAN meter drift (3-5 d),SITE__352233149,2026-02-26,3,False,False,True,False,True,False,False,False,False,False,True,False,False,False
"Load drop (sector outage, 1-3 d)",SITE__2685743846,2026-03-09,1,True,False,False,False,True,False,False,False,True,False,True,False,False,False
Supply interruption (1-2 d),SITE__2685743846,2026-04-26,1,False,False,True,False,True,False,False,False,False,False,True,False,False,False
Rectifier efficiency loss (3-5 d),SITE__1350292149,2026-03-15,4,False,False,True,False,True,False,False,False,False,False,True,False,False,False
RAN meter drift (3-5 d),SITE__1350292149,2026-05-13,5,False,False,True,False,True,False,False,False,False,False,True,False,False,False
RAN meter drift (3-5 d),SITE__2021743315,2026-02-26,4,True,True,True,False,True,True,True,False,True,True,True,True,True,False
RAN meter drift (3-5 d),SITE__2021743315,2026-04-23,5,False,False,True,False,True,False,False,False,True,False,True,False,True,False
RAN meter drift (3-5 d),SITE__2351377546,2026-05-14,3,True,True,True,True,True,True,True,True,True,True,True,True,True,True
Battery overheating (2-4 d),SITE__2351377546,2026-03-16,4,False,False,False,False,False,False,False,False,False,False,False,False,False,False
Rectifier efficiency loss (3-5 d),SITE__1328765804,2026-05-08,5,False,False,False,False,False,False,False,False,False,False,False,False,False,False
Supply interruption (1-2 d),SITE__1328765804,2026-02-24,2,False,False,True,False,True,False,False,False,False,False,True,False,False,False
"Load surge (non-RAN load, 1 d)",SITE__1116525095,2026-04-16,1,True,False,True,False,True,False,True,False,True,False,True,False,True,False
Supply interruption (1-2 d),SITE__1116525095,2026-02-25,1,False,False,True,False,True,False,False,False,False,False,True,False,False,False
Supply interruption (1-2 d),SITE__1703725582,2026-04-16,1,False,False,True,False,True,False,False,False,False,False,True,False,False,False
Rectifier efficiency loss (3-5 d),SITE__1703725582,2026-06-01,3,False,False,False,False,False,False,False,False,False,False,False,False,False,False
Rectifier efficiency loss (3-5 d),SITE__781614000,2026-04-25,3,False,False,False,False,False,False,False,False,False,False,False,False,False,False
RAN meter drift (3-5 d),SITE__781614000,2026-03-08,3,True,True,True,True,True,True,True,True,True,True,True,True,True,True
Battery overheating (2-4 d),SITE__1887270458,2026-04-16,4,False,False,False,False,False,False,False,False,False,False,False,False,False,False
Battery overheating (2-4 d),SITE__1887270458,2026-05-31,3,False,False,False,False,False,False,False,False,False,False,False,False,False,False
Rectifier efficiency loss (3-5 d),SITE__1131989160,2026-04-02,5,False,False,False,False,False,False,False,False,False,False,False,False,False,False
"Load drop (sector outage, 1-3 d)",SITE__1131989160,2026-05-20,1,True,False,False,False,True,False,False,False,True,False,True,False,False,False
"Load drop (sector outage, 1-3 d)",SITE__647550377,2026-03-25,3,True,False,False,False,True,False,False,False,True,False,True,False,False,False
Rectifier efficiency loss (3-5 d),SITE__647550377,2026-05-21,5,False,False,False,False,False,False,False,False,False,False,False,False,False,False
"Load surge (non-RAN load, 1 d)",SITE__633481316,2026-03-05,1,True,False,True,False,True,False,True,False,True,False,True,False,True,False
"Load drop (sector outage, 1-3 d)",SITE__633481316,2026-06-03,1,True,False,False,False,True,False,False,False,True,False,True,False,False,False
Rectifier efficiency loss (3-5 d),SITE__2221654336,2026-03-23,4,True,True,True,True,True,True,True,True,True,True,True,True,True,True
Rectifier efficiency loss (3-5 d),SITE__2221654336,2026-05-08,3,False,False,True,True,True,True,False,False,False,False,True,True,False,False
Supply interruption (1-2 d),SITE__2911362865,2026-03-14,1,False,False,True,False,True,False,False,False,False,False,True,False,False,False
Rectifier efficiency loss (3-5 d),SITE__544233457,2026-04-18,4,False,False,False,False,False,False,False,False,False,False,False,False,False,False
"Load surge (non-RAN load, 1 d)",SITE__544233457,2026-02-27,1,True,False,True,False,True,False,True,False,True,False,True,False,True,False
RAN meter drift (3-5 d),SITE__1300262987,2026-02-24,4,False,False,True,True,True,True,False,False,True,False,True,True,True,False
Rectifier efficiency loss (3-5 d),SITE__1335023535,2026-03-04,5,False,False,False,False,False,False,False,False,False,False,False,False,False,False
"Load drop (sector outage, 1-3 d)",SITE__1335023535,2026-06-03,3,True,False,False,False,True,False,False,False,True,False,True,False,False,False
Battery overheating (2-4 d),SITE__1837747123,2026-05-27,2,True,True,True,True,True,True,True,False,True,True,True,True,True,False
"Load surge (non-RAN load, 1 d)",SITE__1837747123,2026-04-12,1,True,False,True,False,True,False,True,False,True,False,True,False,True,False
Rectifier efficiency loss (3-5 d),SITE__462616265,2026-02-24,4,True,True,False,False,True,True,False,False,True,True,True,True,False,False
"Load drop (sector outage, 1-3 d)",SITE__462616265,2026-06-03,2,True,False,False,False,True,False,False,False,True,False,True,False,False,False
Rectifier efficiency loss (3-5 d),SITE__384045137,2026-04-28,5,False,False,True,True,True,True,False,False,False,False,True,True,False,False
"Load drop (sector outage, 1-3 d)",SITE__384045137,2026-02-26,3,True,False,False,False,True,False,False,False,True,True,True,True,False,False
RAN meter drift (3-5 d),SITE__471828822,2026-02-28,5,False,False,True,False,True,False,False,False,False,False,True,False,False,False
Rectifier efficiency loss (3-5 d),SITE__471828822,2026-04-27,4,False,False,False,False,False,False,False,False,False,False,False,False,False,False
Supply interruption (1-2 d),SITE__1141417260,2026-02-24,2,False,False,True,False,True,False,False,False,False,False,True,False,False,False
"Load surge (non-RAN load, 1 d)",SITE__1141417260,2026-05-02,1,True,False,True,False,True,False,True,False,True,False,True,False,True,False
"Load drop (sector outage, 1-3 d)",SITE__862166915,2026-02-26,3,True,True,False,False,True,True,False,False,True,False,True,False,False,False
Battery overheating (2-4 d),SITE__862166915,2026-04-18,4,False,False,True,False,True,False,False,False,False,False,True,False,False,False
Supply interruption (1-2 d),SITE__2809711635,2026-04-03,2,False,False,True,False,True,False,False,False,False,False,True,False,False,False
Supply interruption (1-2 d),SITE__2809711635,2026-05-20,1,False,False,True,False,True,False,False,False,False,False,True,False,False,False
RAN meter drift (3-5 d),SITE__1857941282,2026-02-24,4,False,False,True,False,True,False,False,False,True,False,True,False,True,False
Rectifier efficiency loss (3-5 d),SITE__1857941282,2026-05-30,4,True,True,False,False,True,True,False,False,True,True,True,True,False,False
Rectifier efficiency loss (3-5 d),SITE__929960985,2026-05-08,5,False,False,False,False,False,False,False,False,False,False,False,False,False,False
"Load drop (sector outage, 1-3 d)",SITE__929960985,2026-02-26,3,True,True,False,False,True,True,False,False,True,False,True,False,False,False
Battery overheating (2-4 d),SITE__2438545869,2026-04-15,4,False,False,True,False,True,False,False,False,False,False,True,False,False,False
"Load drop (sector outage, 1-3 d)",SITE__2438545869,2026-02-24,1,True,False,False,False,True,False,False,False,True,False,True,False,False,False
Supply interruption (1-2 d),SITE__2896240121,2026-03-08,1,False,False,True,False,True,False,False,False,False,False,True,False,False,False
"Load drop (sector outage, 1-3 d)",SITE__2896240121,2026-05-07,3,True,False,False,False,True,False,False,False,True,False,True,False,False,False
Rectifier efficiency loss (3-5 d),SITE__1096983937,2026-05-17,4,False,False,False,False,False,False,False,False,False,False,False,False,False,False
Supply interruption (1-2 d),SITE__1096983937,2026-03-19,1,False,False,True,False,True,False,False,False,False,False,True,False,False,False
Rectifier efficiency loss (3-5 d),SITE__843072027,2026-04-24,4,False,False,False,False,False,False,False,False,False,False,False,False,False,False
Rectifier efficiency loss (3-5 d),SITE__843072027,2026-03-05,5,True,True,True,False,True,True,False,False,True,True,True,True,True,False
Battery overheating (2-4 d),SITE__2080131425,2026-03-24,4,True,True,True,False,True,True,False,False,False,False,True,False,False,False
Battery overheating (2-4 d),SITE__2080131425,2026-06-03,3,False,False,True,False,True,False,False,False,False,False,True,False,False,False
Supply interruption (1-2 d),SITE__291111960,2026-05-11,2,True,True,True,False,True,True,True,False,True,True,True,True,True,False
Rectifier efficiency loss (3-5 d),SITE__291111960,2026-03-06,5,True,True,False,False,True,True,False,False,True,True,True,True,False,False
"Load surge (non-RAN load, 1 d)",SITE__790543776,2026-05-21,1,True,False,True,False,True,False,True,False,True,False,True,False,True,False
Rectifier efficiency loss (3-5 d),SITE__790543776,2026-04-06,4,False,False,False,False,False,False,False,False,False,False,False,False,False,False
Rectifier efficiency loss (3-5 d),SITE__220870471,2026-05-15,5,False,False,False,False,False,False,False,False,False,False,False,False,False,False
Supply interruption (1-2 d),SITE__220870471,2026-02-27,1,False,False,True,False,True,False,False,False,False,False,True,False,False,False
"Load drop (sector outage, 1-3 d)",SITE__799826934,2026-04-13,1,True,False,False,False,True,False,False,False,True,False,True,False,False,False
Supply interruption (1-2 d),SITE__799826934,2026-02-25,2,False,False,True,False,True,False,False,False,False,False,True,False,False,False
Battery overheating (2-4 d),SITE__756556384,2026-05-16,3,False,False,True,False,True,False,False,False,False,False,True,False,False,False
"Load drop (sector outage, 1-3 d)",SITE__756556384,2026-03-01,1,True,False,False,False,True,False,False,False,True,False,True,False,False,False
"Load surge (non-RAN load, 1 d)",SITE__1243870917,2026-06-03,1,True,False,True,False,True,False,True,False,True,False,True,False,True,False
"Load surge (non-RAN load, 1 d)",SITE__1243870917,2026-04-01,1,True,False,True,False,True,False,True,False,True,False,True,False,True,False
Rectifier efficiency loss (3-5 d),SITE__2719476572,2026-04-09,3,False,False,False,False,False,False,False,False,False,False,False,False,False,False
"Load surge (non-RAN load, 1 d)",SITE__2719476572,2026-05-30,1,True,False,True,False,True,False,True,False,True,False,True,False,True,False
"Load surge (non-RAN load, 1 d)",SITE__2133647561,2026-04-10,1,True,False,True,False,True,False,True,False,True,False,True,False,True,False
Battery overheating (2-4 d),SITE__2133647561,2026-06-02,4,False,False,True,False,True,False,False,False,False,False,True,False,False,False
"Load drop (sector outage, 1-3 d)",SITE__1313119503,2026-02-26,3,True,True,False,False,True,True,False,False,True,False,True,False,False,False
Battery overheating (2-4 d),SITE__1313119503,2026-04-12,3,False,False,True,False,True,False,False,False,False,False,True,False,False,False
"Load drop (sector outage, 1-3 d)",SITE__469367596,2026-03-11,3,True,True,True,True,True,True,True,False,True,True,True,True,True,True
"Load surge (non-RAN load, 1 d)",SITE__469367596,2026-05-14,1,True,False,False,False,True,False,False,False,True,False,True,False,False,False
Supply interruption (1-2 d),SITE__1192967501,2026-04-28,1,False,False,True,False,True,False,False,False,False,False,True,False,False,False
"Load drop (sector outage, 1-3 d)",SITE__1192967501,2026-03-05,1,True,False,False,False,True,False,False,False,True,False,True,False,False,False
RAN meter drift (3-5 d),SITE__209469262,2026-03-01,5,True,False,True,False,True,False,True,False,True,False,True,False,True,False
Rectifier efficiency loss (3-5 d),SITE__209469262,2026-05-17,4,False,False,False,False,False,False,False,False,False,False,False,False,False,False
"Load drop (sector outage, 1-3 d)",SITE__2428355318,2026-05-20,2,True,False,False,False,True,False,False,False,True,False,True,False,False,False
"Load surge (non-RAN load, 1 d)",SITE__2428355318,2026-04-04,1,True,False,True,False,True,False,True,False,True,False,True,False,True,False
"Load surge (non-RAN load, 1 d)",SITE__1268390933,2026-04-06,1,True,False,True,False,True,False,True,False,True,False,True,False,True,False
"Load surge (non-RAN load, 1 d)",SITE__1268390933,2026-05-24,1,True,False,True,False,True,False,True,False,True,False,True,False,True,False
"Load surge (non-RAN load, 1 d)",SITE__1489339292,2026-03-10,1,True,False,True,False,True,False,True,False,True,False,True,False,True,False
"Load drop (sector outage, 1-3 d)",SITE__1489339292,2026-05-24,1,True,False,False,False,True,False,False,False,True,False,True,False,False,False
Supply interruption (1-2 d),SITE__1227552424,2026-04-12,1,False,False,True,False,True,False,False,False,False,False,True,False,False,False
Rectifier efficiency loss (3-5 d),SITE__1227552424,2026-06-02,4,False,False,False,False,False,False,False,False,False,False,False,False,False,False
"Load surge (non-RAN load, 1 d)",SITE__158628986,2026-05-08,1,True,False,True,False,True,False,True,False,True,False,True,False,True,False
RAN meter drift (3-5 d),SITE__158628986,2026-03-10,2,False,False,True,False,True,False,False,False,True,True,True,True,True,False
"Load surge (non-RAN load, 1 d)",SITE__2971495176,2026-04-20,1,True,False,True,False,True,False,True,False,True,False,True,False,True,False
Battery overheating (2-4 d),SITE__2971495176,2026-02-28,2,True,True,True,False,True,True,True,False,True,True,True,True,True,False
Supply interruption (1-2 d),SITE__1089273995,2026-04-20,1,False,False,True,False,True,False,False,False,False,False,True,False,False,False
"Load drop (sector outage, 1-3 d)",SITE__1089273995,2026-02-28,3,True,False,True,True,True,True,True,False,True,False,True,True,True,False
Battery overheating (2-4 d),SITE__2108715453,2026-03-30,2,False,False,True,False,True,False,False,False,False,False,True,False,False,False
Supply interruption (1-2 d),SITE__2108715453,2026-05-19,1,False,False,True,False,True,False,False,False,False,False,True,False,False,False
RAN meter drift (3-5 d),SITE__634231041,2026-03-23,3,False,False,True,True,True,True,False,False,True,False,True,True,True,False
"Load surge (non-RAN load, 1 d)",SITE__634231041,2026-06-02,1,True,False,True,False,True,False,True,False,True,False,True,False,True,False
"Load surge (non-RAN load, 1 d)",SITE__1780379573,2026-03-14,1,True,False,True,False,True,False,True,False,True,False,True,False,True,False
Rectifier efficiency loss (3-5 d),SITE__1780379573,2026-05-25,5,True,True,False,False,True,True,False,False,False,False,False,False,False,False
Battery overheating (2-4 d),SITE__2551638478,2026-03-22,4,False,False,False,False,False,False,False,False,False,False,False,False,False,False
Rectifier efficiency loss (3-5 d),SITE__2551638478,2026-05-28,5,False,False,False,False,False,False,False,False,False,False,False,False,False,False
RAN meter drift (3-5 d),SITE__423363989,2026-05-17,5,False,False,True,False,True,False,False,False,True,False,True,False,True,False
RAN meter drift (3-5 d),SITE__423363989,2026-03-22,3,True,True,True,False,True,True,True,False,True,False,True,False,True,False
Battery overheating (2-4 d),SITE__513238561,2026-05-01,3,False,False,False,False,False,False,False,False,False,False,False,False,False,False
Rectifier efficiency loss (3-5 d),SITE__513238561,2026-03-06,3,True,True,True,False,True,True,True,False,True,True,True,True,True,False
Battery overheating (2-4 d),SITE__233817815,2026-02-24,3,False,False,True,False,True,False,False,False,False,False,True,False,False,False
RAN meter drift (3-5 d),SITE__233817815,2026-05-04,4,True,False,True,False,True,False,True,False,True,False,True,False,True,False
Supply interruption (1-2 d),SITE__2317282731,2026-05-06,2,False,False,True,False,True,False,False,False,True,True,True,True,True,False
Rectifier efficiency loss (3-5 d),SITE__2317282731,2026-03-01,3,False,False,False,False,False,False,False,False,False,False,False,False,False,False
"Load drop (sector outage, 1-3 d)",SITE__841013497,2026-03-25,3,True,False,False,False,True,False,False,False,True,False,True,False,False,False
Rectifier efficiency loss (3-5 d),SITE__841013497,2026-05-31,5,False,False,False,False,False,False,False,False,False,False,False,False,False,False
RAN meter drift (3-5 d),SITE__1930667040,2026-06-01,5,False,False,True,True,True,True,False,False,True,False,True,True,True,False
Rectifier efficiency loss (3-5 d),SITE__1930667040,2026-03-21,3,True,True,False,False,True,True,False,False,False,False,False,False,False,False
"Load surge (non-RAN load, 1 d)",SITE__1681289985,2026-04-19,1,True,False,True,False,True,False,True,False,True,False,True,False,True,False
Battery overheating (2-4 d),SITE__1681289985,2026-03-03,3,False,False,True,True,True,True,False,False,False,False,True,True,False,False
Rectifier efficiency loss (3-5 d),SITE__908022296,2026-04-07,3,False,False,False,False,False,False,False,False,False,False,False,False,False,False
Battery overheating (2-4 d),SITE__908022296,2026-06-02,4,False,False,True,False,True,False,False,False,False,False,True,False,False,False
Battery overheating (2-4 d),SITE__2696438288,2026-04-18,4,False,False,False,False,False,False,False,False,False,False,False,False,False,False
RAN meter drift (3-5 d),SITE__2696438288,2026-03-04,4,True,False,True,False,True,False,True,False,True,False,True,False,True,False
RAN meter drift (3-5 d),SITE__563788684,2026-04-23,4,False,False,True,False,True,False,False,False,False,False,True,False,False,False
Supply interruption (1-2 d),SITE__563788684,2026-03-02,1,False,False,True,False,True,False,False,False,False,False,True,False,False,False
RAN meter drift (3-5 d),SITE__2873159704,2026-03-09,5,True,False,True,False,True,False,True,False,True,False,True,False,True,False
"Load drop (sector outage, 1-3 d)",SITE__2873159704,2026-05-08,1,True,False,False,False,True,False,False,False,True,False,True,False,False,False
Rectifier efficiency loss (3-5 d),SITE__1027251960,2026-05-14,3,False,False,False,False,False,False,False,False,False,False,False,False,False,False
"Load surge (non-RAN load, 1 d)",SITE__1027251960,2026-03-15,1,True,False,True,False,True,False,True,False,True,False,True,False,True,False
Battery overheating (2-4 d),SITE__2490933732,2026-04-09,4,False,False,False,False,False,False,False,False,False,False,False,False,False,False
Supply interruption (1-2 d),SITE__2490933732,2026-05-30,2,False,False,True,False,True,False,False,False,False,False,True,False,False,False
"Load surge (non-RAN load, 1 d)",SITE__92210727,2026-05-16,1,True,True,False,True,True,True,False,True,True,True,True,True,False,True
"Load surge (non-RAN load, 1 d)",SITE__527975903,2026-05-02,1,True,False,True,False,True,False,True,False,True,False,True,False,True,False
"Load drop (sector outage, 1-3 d)",SITE__527975903,2026-03-18,1,True,False,False,False,True,False,False,False,True,False,True,False,False,False
"Load surge (non-RAN load, 1 d)",SITE__2625410369,2026-05-01,1,True,False,True,False,True,False,True,False,True,True,True,True,True,False
Supply interruption (1-2 d),SITE__2625410369,2026-02-27,2,True,True,True,True,True,True,True,True,True,True,True,True,True,True
"Load drop (sector outage, 1-3 d)",SITE__2349234647,2026-05-29,3,True,False,False,False,True,False,False,False,True,True,True,True,False,False
Battery overheating (2-4 d),SITE__2349234647,2026-03-18,3,False,False,True,False,True,False,False,False,False,False,True,False,False,False
Battery overheating (2-4 d),SITE__1998720681,2026-05-26,3,False,False,False,False,False,False,False,False,False,False,False,False,False,False
Battery overheating (2-4 d),SITE__1998720681,2026-03-20,3,False,False,True,True,True,True,False,False,False,False,True,True,False,False
"Load drop (sector outage, 1-3 d)",SITE__1639377896,2026-04-18,2,True,False,False,False,True,False,False,False,True,False,True,False,False,False
Supply interruption (1-2 d),SITE__1639377896,2026-02-28,2,False,False,True,False,True,False,False,False,False,False,True,False,False,False
Rectifier efficiency loss (3-5 d),SITE__2921479144,2026-05-08,3,False,False,False,False,False,False,False,False,False,False,False,False,False,False
Battery overheating (2-4 d),SITE__2921479144,2026-03-03,4,False,False,True,False,True,False,False,False,True,True,True,True,False,False
"Load drop (sector outage, 1-3 d)",SITE__2733239290,2026-05-01,1,True,False,False,False,True,False,False,False,True,False,True,False,False,False
Battery overheating (2-4 d),SITE__2733239290,2026-03-14,2,False,False,True,False,True,False,False,False,False,False,True,False,False,False
RAN meter drift (3-5 d),SITE__1456969720,2026-03-14,4,False,False,True,False,True,False,False,False,False,False,True,False,False,False
"Load surge (non-RAN load, 1 d)",SITE__1456969720,2026-05-09,1,True,False,True,False,True,False,True,False,True,False,True,False,True,False
RAN meter drift (3-5 d),SITE__2153561356,2026-04-25,5,False,False,True,True,True,True,False,False,False,False,True,True,False,False
"Load surge (non-RAN load, 1 d)",SITE__2153561356,2026-03-06,1,True,False,True,False,True,False,True,False,True,False,True,False,True,False
RAN meter drift (3-5 d),SITE__697674245,2026-04-30,4,False,False,True,False,True,False,False,False,False,False,True,False,False,False
RAN meter drift (3-5 d),SITE__697674245,2026-02-25,3,False,False,True,False,True,False,False,False,False,False,True,False,False,False
"Load drop (sector outage, 1-3 d)",SITE__2771298550,2026-03-24,1,True,False,False,False,True,False,False,False,True,False,True,False,False,False
"Load surge (non-RAN load, 1 d)",SITE__2771298550,2026-05-13,1,True,False,True,False,True,False,True,False,True,False,True,False,True,False
"Load drop (sector outage, 1-3 d)",SITE__951296501,2026-04-19,2,True,False,False,False,True,False,False,False,True,False,True,False,False,False
"Load drop (sector outage, 1-3 d)",SITE__951296501,2026-03-04,3,True,False,False,False,True,False,False,False,True,False,True,False,False,False
"Load surge (non-RAN load, 1 d)",SITE__502628056,2026-05-05,1,True,False,True,False,True,False,True,False,True,False,True,False,True,False
"Load surge (non-RAN load, 1 d)",SITE__502628056,2026-03-18,1,True,False,True,False,True,False,True,False,True,False,True,False,True,False
"Load surge (non-RAN load, 1 d)",SITE__1403895226,2026-04-13,1,True,False,True,False,True,False,True,False,True,False,True,False,True,False
"Load surge (non-RAN load, 1 d)",SITE__1403895226,2026-02-27,1,True,False,True,False,True,False,True,False,True,False,True,False,True,False
"Load drop (sector outage, 1-3 d)",SITE__2218278461,2026-03-23,2,True,False,False,False,True,False,False,False,True,False,True,False,False,False
RAN meter drift (3-5 d),SITE__2218278461,2026-05-21,3,False,False,True,False,True,False,False,False,True,False,True,False,True,False
Rectifier efficiency loss (3-5 d),SITE__2895859557,2026-02-24,3,False,False,False,False,False,False,False,False,False,False,False,False,False,False
"Load drop (sector outage, 1-3 d)",SITE__2895859557,2026-04-18,1,True,False,False,False,True,False,False,False,True,False,True,False,False,False
Rectifier efficiency loss (3-5 d),SITE__1409974506,2026-02-24,5,True,True,True,True,True,True,True,True,True,True,True,True,True,True
Battery overheating (2-4 d),SITE__2305822320,2026-05-02,3,False,False,True,True,True,True,False,False,False,False,True,True,False,False
Supply interruption (1-2 d),SITE__2305822320,2026-02-26,2,True,True,True,False,True,True,False,False,False,False,True,False,False,False
Supply interruption (1-2 d),SITE__494050159,2026-05-09,1,False,False,True,False,True,False,False,False,False,False,True,False,False,False
RAN meter drift (3-5 d),SITE__494050159,2026-03-22,5,False,False,True,False,True,False,False,False,False,False,True,False,False,False
"Load surge (non-RAN load, 1 d)",SITE__1500872320,2026-04-04,1,True,False,True,False,True,False,True,False,True,False,True,False,True,False
Rectifier efficiency loss (3-5 d),SITE__1500872320,2026-05-20,4,False,False,False,False,False,False,False,False,False,False,False,False,False,False
Supply interruption (1-2 d),SITE__2527834651,2026-02-25,2,False,False,True,True,True,True,False,False,False,False,True,True,False,False
"Load drop (sector outage, 1-3 d)",SITE__444057718,2026-04-02,3,True,False,False,False,True,False,False,False,True,False,True,False,False,False
RAN meter drift (3-5 d),SITE__444057718,2026-05-22,3,False,False,True,False,True,False,False,False,False,False,True,False,False,False
"Load surge (non-RAN load, 1 d)",SITE__2454161370,2026-04-08,1,True,False,True,True,True,True,True,False,True,False,True,True,True,False
"Load drop (sector outage, 1-3 d)",SITE__2454161370,2026-05-31,1,True,False,True,True,True,True,True,False,True,False,True,True,True,False
"Load drop (sector outage, 1-3 d)",SITE__1510544292,2026-04-25,3,True,False,False,False,True,False,False,False,True,False,True,False,False,False
Supply interruption (1-2 d),SITE__1510544292,2026-02-24,1,False,False,True,False,True,False,False,False,False,False,True,False,False,False
"Load drop (sector outage, 1-3 d)",SITE__64921255,2026-03-10,2,True,False,True,True,True,True,True,False,True,False,True,True,True,False
Supply interruption (1-2 d),SITE__64921255,2026-05-22,1,False,False,True,False,True,False,False,False,False,False,True,False,False,False
Supply interruption (1-2 d),SITE__2106044742,2026-03-29,2,False,False,True,False,True,False,False,False,False,False,True,False,False,False
RAN meter drift (3-5 d),SITE__2106044742,2026-05-27,4,True,True,True,False,True,True,True,False,True,True,True,True,True,False
Rectifier efficiency loss (3-5 d),SITE__1595763437,2026-05-28,5,True,True,False,False,True,True,False,False,True,True,True,True,False,False
Supply interruption (1-2 d),SITE__1595763437,2026-02-27,2,True,True,True,False,True,True,True,False,False,False,True,False,False,False
"Load drop (sector outage, 1-3 d)",SITE__2593629711,2026-04-12,2,True,False,False,False,True,False,False,False,True,False,True,False,False,False
RAN meter drift (3-5 d),SITE__2593629711,2026-02-26,5,True,True,True,False,True,True,True,False,True,True,True,True,True,False
"Load surge (non-RAN load, 1 d)",SITE__827313070,2026-05-12,1,True,False,True,False,True,False,True,False,True,False,True,False,True,False
Battery overheating (2-4 d),SITE__827313070,2026-03-25,2,False,False,True,False,True,False,False,False,False,False,True,False,False,False
Rectifier efficiency loss (3-5 d),SITE__1946719442,2026-02-25,4,False,False,False,False,False,False,False,False,False,False,False,False,False,False
"Load drop (sector outage, 1-3 d)",SITE__1946719442,2026-04-25,1,True,False,False,False,True,False,False,False,True,False,True,False,False,False
RAN meter drift (3-5 d),SITE__863586010,2026-03-09,5,True,True,True,False,True,True,True,False,True,True,True,True,True,False
Battery overheating (2-4 d),SITE__863586010,2026-04-29,4,True,True,True,False,True,True,False,False,True,True,True,True,False,False
"Load drop (sector outage, 1-3 d)",SITE__751090203,2026-03-11,2,True,False,False,False,True,False,False,False,True,False,True,False,False,False
RAN meter drift (3-5 d),SITE__751090203,2026-06-02,5,True,False,True,True,True,True,True,False,True,True,True,True,True,True
"Load drop (sector outage, 1-3 d)",SITE__2253478876,2026-05-08,2,True,False,True,True,True,True,True,False,True,False,True,True,True,False
Battery overheating (2-4 d),SITE__2253478876,2026-03-21,4,False,False,False,False,False,False,False,False,False,False,False,False,False,False
"Load drop (sector outage, 1-3 d)",SITE__2684475882,2026-05-22,3,True,False,False,False,True,False,False,False,True,False,True,False,False,False
"Load surge (non-RAN load, 1 d)",SITE__2684475882,2026-03-09,1,True,False,True,False,True,False,True,False,True,False,True,False,True,False
Supply interruption (1-2 d),SITE__2348695249,2026-03-21,2,False,False,True,False,True,False,False,False,False,False,True,False,False,False
RAN meter drift (3-5 d),SITE__2348695249,2026-05-12,4,True,False,True,False,True,False,False,False,True,False,True,False,False,False
RAN meter drift (3-5 d),SITE__2209977948,2026-03-03,4,True,False,True,False,True,False,True,False,True,False,True,False,True,False
Supply interruption (1-2 d),SITE__2209977948,2026-05-17,1,False,False,True,False,True,False,False,False,False,False,True,False,False,False
RAN meter drift (3-5 d),SITE__1981944533,2026-05-30,5,False,False,True,False,True,False,False,False,False,False,True,False,False,False
"Load drop (sector outage, 1-3 d)",SITE__1981944533,2026-03-14,1,True,False,False,False,True,False,False,False,True,False,True,False,False,False
Battery overheating (2-4 d),SITE__1298568909,2026-05-31,2,False,False,True,False,True,False,False,False,False,False,True,False,False,False
"Load drop (sector outage, 1-3 d)",SITE__1298568909,2026-04-01,2,True,False,False,False,True,False,False,False,True,False,True,False,False,False
RAN meter drift (3-5 d),SITE__2237793,2026-04-08,4,False,False,True,False,True,False,False,False,False,False,True,False,False,False
Rectifier efficiency loss (3-5 d),SITE__2237793,2026-05-23,5,False,False,False,False,False,False,False,False,False,False,False,False,False,False
"Load drop (sector outage, 1-3 d)",SITE__1971691100,2026-04-07,2,True,True,False,False,True,True,False,False,True,False,True,False,False,False
Battery overheating (2-4 d),SITE__1971691100,2026-06-03,2,False,False,True,False,True,False,False,False,False,False,True,False,False,False
Supply interruption (1-2 d),SITE__495833770,2026-03-12,1,False,False,True,False,True,False,False,False,False,False,True,False,False,False
Battery overheating (2-4 d),SITE__495833770,2026-05-05,2,False,False,True,False,True,False,False,False,False,False,True,False,False,False
"Load drop (sector outage, 1-3 d)",SITE__1736180301,2026-03-07,2,True,False,False,False,True,False,False,False,True,False,True,False,False,False
"Load surge (non-RAN load, 1 d)",SITE__1736180301,2026-05-13,1,True,False,True,False,True,False,True,False,True,False,True,False,True,False
RAN meter drift (3-5 d),SITE__2298698915,2026-05-05,3,False,False,True,False,True,False,False,False,False,False,True,False,False,False
"Load surge (non-RAN load, 1 d)",SITE__2298698915,2026-03-12,1,True,False,True,False,True,False,True,False,True,False,True,False,True,False
Rectifier efficiency loss (3-5 d),SITE__2326562874,2026-04-18,3,False,False,False,False,False,False,False,False,False,False,False,False,False,False
RAN meter drift (3-5 d),SITE__2326562874,2026-03-01,3,True,False,True,False,True,False,True,False,True,False,True,False,True,False
"Load surge (non-RAN load, 1 d)",SITE__1055643069,2026-04-19,1,True,False,True,False,True,False,True,False,True,False,True,False,True,False
Rectifier efficiency loss (3-5 d),SITE__1055643069,2026-02-25,5,True,True,False,False,True,True,False,False,True,True,True,True,False,False
RAN meter drift (3-5 d),SITE__1005487901,2026-03-08,5,True,False,True,False,True,False,True,False,False,False,True,False,False,False
Rectifier efficiency loss (3-5 d),SITE__1005487901,2026-04-29,4,False,False,False,False,False,False,False,False,False,False,False,False,False,False
"Load surge (non-RAN load, 1 d)",SITE__2547359973,2026-05-23,1,True,False,True,False,True,False,True,False,True,False,True,False,True,False
"Load surge (non-RAN load, 1 d)",SITE__2547359973,2026-03-17,1,True,False,True,False,True,False,True,False,True,False,True,False,True,False
Battery overheating (2-4 d),SITE__2836289355,2026-03-30,2,False,False,False,False,False,False,False,False,False,False,False,False,False,False
RAN meter drift (3-5 d),SITE__2836289355,2026-05-21,5,False,False,True,False,True,False,False,False,False,False,True,False,False,False
RAN meter drift (3-5 d),SITE__297554184,2026-02-27,4,False,False,True,False,True,False,False,False,False,False,True,False,False,False
"Load surge (non-RAN load, 1 d)",SITE__297554184,2026-06-03,1,True,False,True,False,True,False,True,False,True,False,True,False,True,False
Rectifier efficiency loss (3-5 d),SITE__485112780,2026-03-09,5,False,False,False,False,False,False,False,False,False,False,False,False,False,False
Supply interruption (1-2 d),SITE__485112780,2026-05-30,2,False,False,True,False,True,False,False,False,False,False,True,False,False,False
Rectifier efficiency loss (3-5 d),SITE__2043174622,2026-04-10,4,False,False,False,False,False,False,False,False,False,False,False,False,False,False
Battery overheating (2-4 d),SITE__2043174622,2026-05-27,2,False,False,True,True,True,True,False,False,True,True,True,True,True,False
"Load surge (non-RAN load, 1 d)",SITE__2243542818,2026-03-27,1,True,False,True,False,True,False,True,False,True,False,True,False,True,False
Rectifier efficiency loss (3-5 d),SITE__2243542818,2026-05-12,5,True,True,False,True,True,True,False,True,True,True,True,True,False,True
Supply interruption (1-2 d),SITE__2555815951,2026-05-14,1,False,False,True,False,True,False,False,False,False,False,True,False,False,False
Rectifier efficiency loss (3-5 d),SITE__2555815951,2026-03-09,5,False,False,False,False,False,False,False,False,False,False,False,False,False,False
"Load surge (non-RAN load, 1 d)",SITE__331224847,2026-04-28,1,True,False,True,False,True,False,True,False,True,False,True,False,True,False
Supply interruption (1-2 d),SITE__331224847,2026-02-28,2,True,True,True,False,True,True,True,False,False,False,True,False,False,False
RAN meter drift (3-5 d),SITE__2448752774,2026-03-31,4,False,False,True,False,True,False,False,False,False,False,True,False,False,False
RAN meter drift (3-5 d),SITE__2448752774,2026-05-28,5,True,True,True,False,True,True,True,False,True,False,True,False,True,False
"Load drop (sector outage, 1-3 d)",SITE__2792673925,2026-05-03,2,True,False,False,False,True,False,False,False,True,False,True,False,False,False
Rectifier efficiency loss (3-5 d),SITE__2792673925,2026-02-25,5,True,True,True,True,True,True,False,False,False,False,True,True,False,False
"Load surge (non-RAN load, 1 d)",SITE__651563438,2026-04-02,1,True,True,True,False,True,True,True,False,True,True,True,True,True,False
Battery overheating (2-4 d),SITE__651563438,2026-05-26,3,False,False,True,False,True,False,False,False,False,False,True,False,False,False
Battery overheating (2-4 d),SITE__2652876699,2026-04-27,2,False,False,True,False,True,False,False,False,False,False,True,False,False,False
Supply interruption (1-2 d),SITE__2652876699,2026-02-28,2,False,False,True,False,True,False,False,False,False,False,True,False,False,False
RAN meter drift (3-5 d),SITE__595685519,2026-03-24,5,True,True,True,True,True,True,True,True,True,True,True,True,True,True
"Load surge (non-RAN load, 1 d)",SITE__595685519,2026-05-18,1,True,False,True,False,True,False,True,False,True,False,True,False,True,False
"Load drop (sector outage, 1-3 d)",SITE__2393034922,2026-03-23,3,True,False,False,False,True,False,False,False,True,False,True,False,False,False
RAN meter drift (3-5 d),SITE__2393034922,2026-05-20,3,False,False,True,False,True,False,False,False,False,False,True,False,False,False
Battery overheating (2-4 d),SITE__2669550590,2026-05-10,2,False,False,True,False,True,False,False,False,False,False,True,False,False,False
Supply interruption (1-2 d),SITE__2669550590,2026-03-21,2,False,False,True,False,True,False,False,False,False,False,True,False,False,False
"Load surge (non-RAN load, 1 d)",SITE__1603866653,2026-05-12,1,True,False,True,False,True,False,True,False,True,False,True,False,True,False
"Load drop (sector outage, 1-3 d)",SITE__1603866653,2026-03-13,2,True,False,False,False,True,False,False,False,True,False,True,False,False,False
RAN meter drift (3-5 d),SITE__1396528234,2026-04-09,5,False,False,True,False,True,False,False,False,True,False,True,False,True,False
RAN meter drift (3-5 d),SITE__1396528234,2026-06-01,4,True,False,True,False,True,False,True,False,True,False,True,False,True,False
Rectifier efficiency loss (3-5 d),SITE__891794850,2026-03-24,5,True,True,True,False,True,True,True,False,True,True,True,True,True,False
RAN meter drift (3-5 d),SITE__891794850,2026-06-02,3,False,False,True,False,True,False,False,False,False,False,True,False,False,False
"Load surge (non-RAN load, 1 d)",SITE__1494452119,2026-04-30,1,True,False,True,True,True,True,True,False,True,False,True,True,True,False
"Load surge (non-RAN load, 1 d)",SITE__1494452119,2026-03-05,1,True,False,True,False,True,False,True,False,True,False,True,False,True,False
Battery overheating (2-4 d),SITE__786533832,2026-05-06,3,False,False,True,True,True,True,False,False,False,False,True,True,False,False
"Load surge (non-RAN load, 1 d)",SITE__786533832,2026-02-24,1,True,False,True,False,True,False,True,False,True,False,True,False,True,False
Supply interruption (1-2 d),SITE__688285149,2026-04-03,2,True,True,True,True,True,True,True,True,True,True,True,True,True,True
"Load drop (sector outage, 1-3 d)",SITE__688285149,2026-06-01,3,True,False,False,False,True,False,False,False,True,False,True,False,False,False
Rectifier efficiency loss (3-5 d),SITE__2570546501,2026-05-22,4,False,False,False,False,False,False,False,False,False,False,False,False,False,False
"Load surge (non-RAN load, 1 d)",SITE__2570546501,2026-02-25,1,True,False,True,False,True,False,True,False,True,False,True,False,True,False
"Load surge (non-RAN load, 1 d)",SITE__518616879,2026-04-22,1,True,False,True,False,True,False,True,False,True,False,True,False,True,False
"Load surge (non-RAN load, 1 d)",SITE__518616879,2026-03-04,1,True,False,True,False,True,False,True,False,True,False,True,False,True,False
Supply interruption (1-2 d),SITE__2133844879,2026-04-29,2,False,False,True,False,True,False,False,False,False,False,True,False,False,False
Battery overheating (2-4 d),SITE__2133844879,2026-03-04,2,False,False,True,False,True,False,False,False,False,False,True,False,False,False
"Load drop (sector outage, 1-3 d)",SITE__120512079,2026-03-05,1,True,False,False,False,True,False,False,False,True,False,True,False,False,False
Rectifier efficiency loss (3-5 d),SITE__120512079,2026-04-26,4,False,False,True,False,True,False,False,False,False,False,True,False,False,False
"Load surge (non-RAN load, 1 d)",SITE__1644960168,2026-04-19,1,True,False,True,False,True,False,True,False,True,False,True,False,True,False
"Load surge (non-RAN load, 1 d)",SITE__1644960168,2026-03-04,1,True,False,True,False,True,False,True,False,True,False,True,False,True,False
"Load drop (sector outage, 1-3 d)",SITE__2594862853,2026-03-07,1,True,False,False,False,True,False,False,False,True,False,True,False,False,False
"Load drop (sector outage, 1-3 d)",SITE__2594862853,2026-05-22,1,True,False,False,False,True,False,False,False,True,False,True,False,False,False
Battery overheating (2-4 d),SITE__1969882141,2026-04-16,4,False,False,True,False,True,False,False,False,False,False,True,False,False,False
Battery overheating (2-4 d),SITE__1969882141,2026-06-03,4,False,False,True,False,True,False,False,False,False,False,True,False,False,False
"Load drop (sector outage, 1-3 d)",SITE__83337339,2026-04-07,3,True,True,False,False,True,True,False,False,True,True,True,True,False,False
Supply interruption (1-2 d),SITE__83337339,2026-05-23,2,False,False,True,False,True,False,False,False,False,False,True,False,False,False
Battery overheating (2-4 d),SITE__886655001,2026-04-09,3,False,False,True,True,True,True,False,False,False,False,True,True,False,False
Battery overheating (2-4 d),SITE__886655001,2026-05-29,4,False,False,True,True,True,True,False,False,False,False,True,True,False,False
Rectifier efficiency loss (3-5 d),SITE__775786844,2026-04-12,4,False,False,False,False,False,False,False,False,False,False,False,False,False,False
Supply interruption (1-2 d),SITE__775786844,2026-05-30,1,False,False,True,False,True,False,False,False,False,False,True,False,False,False
"Load drop (sector outage, 1-3 d)",SITE__1426797084,2026-03-28,1,True,True,False,False,True,True,False,False,True,True,True,True,False,False
Supply interruption (1-2 d),SITE__1426797084,2026-05-20,1,False,False,True,False,True,False,False,False,False,False,True,False,False,False
"Load surge (non-RAN load, 1 d)",SITE__1770695716,2026-05-30,1,True,False,True,False,True,False,True,False,True,False,True,False,True,False
"Load drop (sector outage, 1-3 d)",SITE__1770695716,2026-02-24,3,True,False,False,False,True,False,False,False,True,False,True,False,False,False
Rectifier efficiency loss (3-5 d),SITE__570063760,2026-04-22,4,False,False,False,False,False,False,False,False,False,False,False,False,False,False
RAN meter drift (3-5 d),SITE__570063760,2026-02-24,3,False,False,True,False,True,False,False,False,False,False,True,False,False,False
Battery overheating (2-4 d),SITE__1714992619,2026-05-21,3,False,False,True,False,True,False,False,False,False,False,True,False,False,False
Rectifier efficiency loss (3-5 d),SITE__1714992619,2026-03-03,5,True,True,False,False,True,True,False,False,False,False,False,False,False,False
"Load drop (sector outage, 1-3 d)",SITE__465114010,2026-05-02,1,True,False,False,False,True,False,False,False,True,False,True,False,False,False
RAN meter drift (3-5 d),SITE__465114010,2026-02-24,4,False,False,True,False,True,False,False,False,False,False,True,False,False,False
"Load drop (sector outage, 1-3 d)",SITE__2383780720,2026-03-27,2,True,False,False,False,True,False,False,False,True,False,True,False,False,False
Rectifier efficiency loss (3-5 d),SITE__2383780720,2026-05-29,4,False,False,False,False,False,False,False,False,False,False,False,False,False,False
RAN meter drift (3-5 d),SITE__1723753323,2026-05-16,5,True,False,True,False,True,False,True,False,True,False,True,False,True,False
"Load surge (non-RAN load, 1 d)",SITE__1723753323,2026-03-23,1,True,False,True,False,True,False,True,False,True,False,True,False,True,False
Battery overheating (2-4 d),SITE__2217624406,2026-03-20,3,False,False,True,False,True,False,False,False,False,False,True,False,False,False
Rectifier efficiency loss (3-5 d),SITE__2217624406,2026-05-12,4,False,False,True,True,True,True,False,False,False,False,True,True,False,False
Battery overheating (2-4 d),SITE__1027475315,2026-03-24,4,False,False,True,False,True,False,False,False,False,False,True,False,False,False
RAN meter drift (3-5 d),SITE__1027475315,2026-05-13,5,False,False,True,False,True,False,False,False,False,False,True,False,False,False
Battery overheating (2-4 d),SITE__776690661,2026-04-12,4,True,True,True,True,True,True,True,True,False,False,True,True,False,False
"Load surge (non-RAN load, 1 d)",SITE__776690661,2026-02-24,1,True,False,True,True,True,True,True,False,True,False,True,True,True,False
Battery overheating (2-4 d),SITE__443732665,2026-05-29,3,True,True,True,False,True,True,True,False,True,True,True,True,True,False
"Load drop (sector outage, 1-3 d)",SITE__443732665,2026-02-27,1,True,False,False,False,True,False,False,False,True,True,True,True,False,False
Supply interruption (1-2 d),SITE__1191068969,2026-05-01,1,False,False,True,False,True,False,False,False,False,False,True,False,False,False
Battery overheating (2-4 d),SITE__1191068969,2026-03-10,2,False,False,True,False,True,False,False,False,False,False,True,False,False,False
"Load drop (sector outage, 1-3 d)",SITE__1659470899,2026-04-29,1,True,False,False,False,True,False,False,False,True,False,True,False,False,False
RAN meter drift (3-5 d),SITE__1659470899,2026-02-28,3,True,False,True,False,True,False,True,False,True,True,True,True,True,False
Rectifier efficiency loss (3-5 d),SITE__1350347094,2026-03-22,5,False,False,False,False,False,False,False,False,False,False,False,False,False,False
"Load surge (non-RAN load, 1 d)",SITE__1350347094,2026-05-15,1,True,False,True,False,True,False,True,False,True,False,True,False,True,False
RAN meter drift (3-5 d),SITE__2709097113,2026-05-31,3,True,False,True,True,True,True,True,False,True,False,True,True,True,False
Rectifier efficiency loss (3-5 d),SITE__2709097113,2026-03-13,5,False,False,False,False,False,False,False,False,False,False,False,False,False,False
"Load drop (sector outage, 1-3 d)",SITE__2416944862,2026-05-26,2,True,False,False,False,True,False,False,False,True,False,True,False,False,False
"Load drop (sector outage, 1-3 d)",SITE__2416944862,2026-03-07,1,True,False,False,False,True,False,False,False,True,False,True,False,False,False
Rectifier efficiency loss (3-5 d),SITE__454143166,2026-05-10,4,False,False,True,False,True,False,False,False,False,False,True,False,False,False
Supply interruption (1-2 d),SITE__454143166,2026-03-20,2,False,False,True,False,True,False,False,False,False,False,True,False,False,False
"Load drop (sector outage, 1-3 d)",SITE__463460465,2026-05-06,3,True,False,True,True,True,True,True,False,True,False,True,True,True,False
"Load surge (non-RAN load, 1 d)",SITE__463460465,2026-02-28,1,True,False,True,False,True,False,True,False,True,False,True,False,True,False
"Load drop (sector outage, 1-3 d)",SITE__1498891023,2026-06-03,3,True,False,False,False,True,False,False,False,True,False,True,False,False,False
"Load surge (non-RAN load, 1 d)",SITE__1498891023,2026-03-20,1,True,False,True,False,True,False,True,False,True,False,True,False,True,False
Battery overheating (2-4 d),SITE__62386321,2026-05-05,4,False,False,True,False,True,False,False,False,False,False,True,False,False,False
"Load surge (non-RAN load, 1 d)",SITE__62386321,2026-03-17,1,True,False,True,False,True,False,True,False,True,False,True,False,True,False
"Load drop (sector outage, 1-3 d)",SITE__2800777901,2026-05-18,1,True,False,False,False,True,False,False,False,True,False,True,False,False,False
"Load drop (sector outage, 1-3 d)",SITE__2800777901,2026-03-23,1,True,True,False,False,True,True,False,False,True,True,True,True,False,False
RAN meter drift (3-5 d),SITE__1700948732,2026-03-06,3,False,False,True,False,True,False,False,False,False,False,True,False,False,False
"Load surge (non-RAN load, 1 d)",SITE__1700948732,2026-05-29,1,True,False,True,False,True,False,True,False,True,True,True,True,True,False
"Load drop (sector outage, 1-3 d)",SITE__1122243613,2026-04-13,3,True,False,False,False,True,False,False,False,True,False,True,False,False,False
RAN meter drift (3-5 d),SITE__1122243613,2026-05-31,3,False,False,True,False,True,False,False,False,True,False,True,False,True,False
Rectifier efficiency loss (3-5 d),SITE__1811237674,2026-03-06,4,False,False,False,False,False,False,False,False,False,False,False,False,False,False
"Load surge (non-RAN load, 1 d)",SITE__1811237674,2026-05-14,1,True,False,True,False,True,False,True,False,True,False,True,False,True,False
"Load drop (sector outage, 1-3 d)",SITE__430210902,2026-04-09,1,True,False,False,False,True,False,False,False,True,False,True,False,False,False
Battery overheating (2-4 d),SITE__430210902,2026-06-01,4,False,False,True,False,True,False,False,False,False,False,True,False,False,False
Rectifier efficiency loss (3-5 d),SITE__2363788988,2026-04-12,3,False,False,False,False,False,False,False,False,False,False,False,False,False,False
RAN meter drift (3-5 d),SITE__2363788988,2026-05-28,5,False,True,True,False,True,True,False,False,True,False,True,False,True,False
"Load drop (sector outage, 1-3 d)",SITE__1539280076,2026-03-03,2,True,False,True,True,True,True,True,False,True,False,True,True,True,False
"Load drop (sector outage, 1-3 d)",SITE__1539280076,2026-04-19,3,True,False,True,True,True,True,True,False,True,False,True,True,True,False
RAN meter drift (3-5 d),SITE__1857014455,2026-04-03,3,False,False,True,False,True,False,False,False,False,False,True,False,False,False
"Load drop (sector outage, 1-3 d)",SITE__1857014455,2026-05-29,3,True,False,False,False,True,False,False,False,True,False,True,False,False,False
"Load drop (sector outage, 1-3 d)",SITE__1290417000,2026-05-18,3,True,False,False,False,True,False,False,False,True,False,True,False,False,False
Rectifier efficiency loss (3-5 d),SITE__1290417000,2026-02-28,3,True,True,True,False,True,True,True,False,True,True,True,True,False,False
Battery overheating (2-4 d),SITE__1441968044,2026-02-24,3,True,True,True,False,True,True,False,False,True,True,True,True,False,False
Supply interruption (1-2 d),SITE__1441968044,2026-04-12,2,False,False,True,False,True,False,False,False,False,False,True,False,False,False
RAN meter drift (3-5 d),SITE__631575041,2026-05-08,3,False,False,True,False,True,False,False,False,False,False,True,False,False,False
"Load surge (non-RAN load, 1 d)",SITE__631575041,2026-03-09,1,True,False,True,False,True,False,True,False,True,False,True,False,True,False
RAN meter drift (3-5 d),SITE__1065950809,2026-03-09,3,False,False,True,False,True,False,False,False,False,False,True,False,False,False
"Load surge (non-RAN load, 1 d)",SITE__1065950809,2026-05-07,1,True,False,True,False,True,False,True,False,True,False,True,False,True,False
"Load drop (sector outage, 1-3 d)",SITE__2974160110,2026-04-03,1,True,False,False,False,True,False,False,False,True,False,True,False,False,False
Battery overheating (2-4 d),SITE__2974160110,2026-05-26,3,False,False,True,False,True,False,False,False,False,False,True,False,False,False
Supply interruption (1-2 d),SITE__435490387,2026-05-17,1,False,False,True,False,True,False,False,False,False,False,True,False,False,False
Battery overheating (2-4 d),SITE__435490387,2026-03-20,4,False,False,True,False,True,False,False,False,False,False,True,False,False,False
"Load drop (sector outage, 1-3 d)",SITE__1011229061,2026-05-09,2,True,False,False,False,True,False,False,False,True,False,True,False,False,False
Supply interruption (1-2 d),SITE__1011229061,2026-03-02,2,False,False,True,False,True,False,False,False,False,False,True,False,False,False
Battery overheating (2-4 d),SITE__2675074092,2026-03-26,3,False,False,False,False,False,False,False,False,False,False,False,False,False,False
RAN meter drift (3-5 d),SITE__2675074092,2026-05-14,3,False,False,True,False,True,False,False,False,True,False,True,False,True,False
Battery overheating (2-4 d),SITE__1038455051,2026-05-24,2,False,False,True,False,True,False,False,False,False,False,True,False,False,False
Supply interruption (1-2 d),SITE__1038455051,2026-04-09,1,False,False,True,False,True,False,False,False,False,False,True,False,False,False
"Load surge (non-RAN load, 1 d)",SITE__1629372515,2026-02-24,1,True,False,True,False,True,False,True,False,True,False,True,False,True,False
Supply interruption (1-2 d),SITE__1629372515,2026-05-26,1,False,False,True,False,True,False,False,False,False,False,True,False,False,False
Rectifier efficiency loss (3-5 d),SITE__1345790401,2026-03-26,3,False,False,False,False,False,False,False,False,False,False,False,False,False,False
"Load drop (sector outage, 1-3 d)",SITE__1345790401,2026-05-27,1,True,False,False,False,True,False,False,False,True,False,True,False,False,False
"Load drop (sector outage, 1-3 d)",SITE__2313982415,2026-03-07,3,True,False,False,False,True,False,False,False,True,False,True,False,False,False
"Load drop (sector outage, 1-3 d)",SITE__2313982415,2026-05-25,2,True,False,False,False,True,False,False,False,True,False,True,False,False,False
Supply interruption (1-2 d),SITE__310913958,2026-04-21,1,False,False,True,False,True,False,False,False,False,False,True,False,False,False
Rectifier efficiency loss (3-5 d),SITE__310913958,2026-03-01,5,True,True,False,False,True,True,False,False,True,True,True,True,False,False
"Load surge (non-RAN load, 1 d)",SITE__1882617339,2026-04-25,1,True,False,False,False,True,False,False,False,True,False,True,False,False,False
Battery overheating (2-4 d),SITE__1882617339,2026-02-26,2,False,False,True,False,True,False,False,False,False,False,True,False,False,False
"Load surge (non-RAN load, 1 d)",SITE__921675921,2026-03-28,1,True,False,True,False,True,False,True,False,True,False,True,False,True,False
"Load surge (non-RAN load, 1 d)",SITE__921675921,2026-05-22,1,True,False,True,False,True,False,True,False,True,False,True,False,True,False
"Load drop (sector outage, 1-3 d)",SITE__1812343712,2026-05-11,1,True,False,False,False,True,False,False,False,True,False,True,False,False,False
Battery overheating (2-4 d),SITE__1812343712,2026-03-25,3,False,False,True,False,True,False,False,False,False,False,True,False,False,False
Battery overheating (2-4 d),SITE__1745389679,2026-05-22,3,False,False,True,True,True,True,False,False,False,False,True,True,False,False
RAN meter drift (3-5 d),SITE__1745389679,2026-03-25,4,False,False,True,True,True,True,False,False,False,False,True,True,False,False
"Load drop (sector outage, 1-3 d)",SITE__827735479,2026-03-09,2,True,False,False,False,True,False,False,False,True,False,True,False,False,False
RAN meter drift (3-5 d),SITE__827735479,2026-05-10,4,True,False,True,False,True,False,True,False,True,False,True,False,True,False
"Load drop (sector outage, 1-3 d)",SITE__44545462,2026-05-04,1,True,False,False,False,True,False,False,False,True,False,True,False,False,False
"Load drop (sector outage, 1-3 d)",SITE__44545462,2026-03-05,2,True,False,False,False,True,False,False,False,True,False,True,False,False,False
Supply interruption (1-2 d),SITE__651785329,2026-04-05,1,False,False,True,False,True,False,False,False,False,False,True,False,False,False
"Load drop (sector outage, 1-3 d)",SITE__651785329,2026-05-26,2,True,True,False,False,True,True,False,False,True,True,True,True,False,False
"Load drop (sector outage, 1-3 d)",SITE__2770649914,2026-05-17,1,True,False,False,False,True,False,False,False,True,False,True,False,False,False
Battery overheating (2-4 d),SITE__2770649914,2026-03-30,4,False,False,True,False,True,False,False,False,False,False,True,False,False,False
Supply interruption (1-2 d),SITE__2968260475,2026-05-08,2,False,False,True,False,True,False,False,False,False,False,True,False,False,False
"Load drop (sector outage, 1-3 d)",SITE__2968260475,2026-03-23,3,True,False,False,False,True,False,False,False,True,False,True,False,False,False
"Load surge (non-RAN load, 1 d)",SITE__2518231649,2026-03-31,1,True,False,True,False,True,False,True,False,True,False,True,False,True,False
"Load surge (non-RAN load, 1 d)",SITE__2518231649,2026-05-18,1,True,False,True,False,True,False,True,False,True,False,True,False,True,False
RAN meter drift (3-5 d),SITE__299681826,2026-05-21,5,False,False,True,False,True,False,False,False,False,False,True,False,False,False
RAN meter drift (3-5 d),SITE__299681826,2026-03-09,5,False,False,True,False,True,False,False,False,True,False,True,False,True,False
"Load surge (non-RAN load, 1 d)",SITE__675334631,2026-04-18,1,True,False,True,False,True,False,True,False,True,False,True,False,True,False
Battery overheating (2-4 d),SITE__675334631,2026-02-24,2,False,False,True,True,True,True,False,False,False,False,True,True,False,False
Battery overheating (2-4 d),SITE__218367105,2026-03-13,4,False,False,False,False,False,False,False,False,False,False,False,False,False,False
"Load drop (sector outage, 1-3 d)",SITE__218367105,2026-05-30,2,True,False,False,False,True,False,False,False,True,False,True,False,False,False
RAN meter drift (3-5 d),SITE__2875174527,2026-05-14,3,False,False,True,False,True,False,False,False,False,False,True,False,False,False
RAN meter drift (3-5 d),SITE__2875174527,2026-03-20,4,True,False,True,False,True,False,True,False,True,False,True,False,True,False
"Load drop (sector outage, 1-3 d)",SITE__2113080677,2026-05-17,3,True,False,False,False,True,False,False,False,True,False,True,False,False,False
RAN meter drift (3-5 d),SITE__2113080677,2026-03-20,4,False,False,True,False,True,False,False,False,False,False,True,False,False,False
"Load surge (non-RAN load, 1 d)",SITE__1064783503,2026-05-16,1,True,False,True,False,True,False,True,False,True,False,True,False,True,False
"Load drop (sector outage, 1-3 d)",SITE__1064783503,2026-03-24,2,True,False,True,True,True,True,True,False,True,False,True,True,True,False
Supply interruption (1-2 d),SITE__2250734679,2026-05-11,2,False,False,True,False,True,False,False,False,False,False,True,False,False,False
"Load surge (non-RAN load, 1 d)",SITE__2250734679,2026-02-28,1,True,True,True,False,True,True,True,False,True,False,True,False,True,False
"Load drop (sector outage, 1-3 d)",SITE__774990169,2026-04-22,1,True,False,False,False,True,False,False,False,True,False,True,False,False,False
Supply interruption (1-2 d),SITE__774990169,2026-03-07,2,False,False,True,False,True,False,False,False,False,False,True,False,False,False
Rectifier efficiency loss (3-5 d),SITE__2568612758,2026-03-06,3,False,False,False,False,False,False,False,False,False,False,False,False,False,False
Battery overheating (2-4 d),SITE__2568612758,2026-04-28,4,False,False,False,False,False,False,False,False,False,False,False,False,False,False
"Load drop (sector outage, 1-3 d)",SITE__1692867673,2026-05-07,2,True,False,False,False,True,False,False,False,True,True,True,True,False,False
Battery overheating (2-4 d),SITE__1692867673,2026-03-15,3,False,False,False,False,False,False,False,False,False,False,False,False,False,False
RAN meter drift (3-5 d),SITE__1839465934,2026-03-26,5,True,False,True,False,True,False,True,False,True,False,True,False,True,False
RAN meter drift (3-5 d),SITE__1839465934,2026-05-22,3,False,False,True,False,True,False,False,False,False,False,True,False,False,False
"Load drop (sector outage, 1-3 d)",SITE__1168051813,2026-05-28,2,True,True,False,False,True,True,False,False,True,False,True,False,False,False
Supply interruption (1-2 d),SITE__1168051813,2026-03-29,2,False,False,True,False,True,False,False,False,False,False,True,False,False,False
RAN meter drift (3-5 d),SITE__375146951,2026-04-16,3,False,False,True,False,True,False,False,False,False,False,True,False,False,False
Rectifier efficiency loss (3-5 d),SITE__375146951,2026-03-01,3,False,False,False,False,False,False,False,False,False,False,False,False,False,False
RAN meter drift (3-5 d),SITE__2682876023,2026-04-03,3,False,True,True,False,True,True,False,False,False,False,True,False,False,False
Battery overheating (2-4 d),SITE__2682876023,2026-05-27,2,False,False,True,False,True,False,False,False,False,False,True,False,False,False
RAN meter drift (3-5 d),SITE__2257853011,2026-04-30,5,True,False,True,True,True,True,True,False,True,False,True,True,True,False
"Load surge (non-RAN load, 1 d)",SITE__2257853011,2026-03-14,1,True,False,True,False,True,False,True,False,True,False,True,False,True,False
"Load surge (non-RAN load, 1 d)",SITE__2083311902,2026-05-24,1,True,False,True,False,True,False,True,False,True,False,True,False,True,False
Supply interruption (1-2 d),SITE__2083311902,2026-03-09,2,False,False,True,False,True,False,False,False,False,False,True,False,False,False
Rectifier efficiency loss (3-5 d),SITE__1582783673,2026-04-01,4,False,False,False,False,False,False,False,False,False,False,False,False,False,False
Rectifier efficiency loss (3-5 d),SITE__1582783673,2026-05-31,5,False,False,False,False,False,False,False,False,False,False,False,False,False,False
Rectifier efficiency loss (3-5 d),SITE__648710075,2026-04-05,5,False,False,False,False,False,False,False,False,False,False,False,False,False,False
Rectifier efficiency loss (3-5 d),SITE__648710075,2026-05-21,3,False,False,False,False,False,False,False,False,False,False,False,False,False,False
Battery overheating (2-4 d),SITE__692316837,2026-03-07,4,False,False,False,False,False,False,False,False,False,False,False,False,False,False
Supply interruption (1-2 d),SITE__692316837,2026-05-09,2,False,False,True,False,True,False,False,False,False,False,True,False,False,False
"Load drop (sector outage, 1-3 d)",SITE__2338078676,2026-05-05,2,True,False,False,False,True,False,False,False,True,False,True,False,False,False
"Load drop (sector outage, 1-3 d)",SITE__2338078676,2026-03-10,1,True,False,False,False,True,False,False,False,True,False,True,False,False,False
RAN meter drift (3-5 d),SITE__319241774,2026-05-02,3,False,False,True,False,True,False,False,False,True,False,True,False,True,False
Supply interruption (1-2 d),SITE__319241774,2026-03-02,2,False,False,True,False,True,False,False,False,False,False,True,False,False,False
Battery overheating (2-4 d),SITE__1298096679,2026-05-15,3,False,False,True,False,True,False,False,False,False,False,True,False,False,False
RAN meter drift (3-5 d),SITE__1298096679,2026-03-12,4,False,False,True,False,True,False,False,False,False,False,True,False,False,False
Battery overheating (2-4 d),SITE__1173864631,2026-03-14,4,True,True,True,False,True,True,True,False,True,True,True,True,True,False
Rectifier efficiency loss (3-5 d),SITE__1173864631,2026-04-29,4,False,False,False,False,False,False,False,False,True,True,True,True,False,False
"Load surge (non-RAN load, 1 d)",SITE__1749336725,2026-03-03,1,True,False,False,False,True,False,False,False,True,False,True,False,False,False
"Load surge (non-RAN load, 1 d)",SITE__1749336725,2026-05-29,1,True,False,True,False,True,False,True,False,True,False,True,False,True,False
Supply interruption (1-2 d),SITE__1876719244,2026-03-24,2,False,False,True,False,True,False,False,False,False,False,True,False,False,False
Supply interruption (1-2 d),SITE__1876719244,2026-05-12,1,False,False,True,False,True,False,False,False,False,False,True,False,False,False
"Load surge (non-RAN load, 1 d)",SITE__2265667924,2026-04-23,1,True,False,True,False,True,False,True,False,True,False,True,False,True,False
"Load drop (sector outage, 1-3 d)",SITE__2265667924,2026-03-09,2,True,False,True,True,True,True,True,False,True,False,True,True,True,False
"Load surge (non-RAN load, 1 d)",SITE__2701282056,2026-04-16,1,True,False,True,False,True,False,True,False,True,False,True,False,True,False
Rectifier efficiency loss (3-5 d),SITE__2701282056,2026-06-03,3,False,False,True,False,True,False,False,False,False,False,True,False,False,False
Battery overheating (2-4 d),SITE__2375221842,2026-03-22,2,False,False,True,False,True,False,False,False,False,False,True,False,False,False
Battery overheating (2-4 d),SITE__2375221842,2026-05-29,3,False,False,True,False,True,False,False,False,False,False,True,False,False,False
Rectifier efficiency loss (3-5 d),SITE__475233487,2026-04-23,4,False,False,True,False,True,False,False,False,True,False,True,False,True,False
"Load surge (non-RAN load, 1 d)",SITE__475233487,2026-03-09,1,True,False,True,False,True,False,True,False,True,False,True,False,True,False
Supply interruption (1-2 d),SITE__251044183,2026-05-27,2,False,False,True,False,True,False,False,False,False,False,True,False,False,False
"Load surge (non-RAN load, 1 d)",SITE__251044183,2026-03-10,1,True,False,True,False,True,False,True,False,True,False,True,False,True,False
"Load drop (sector outage, 1-3 d)",SITE__1976992050,2026-03-30,1,True,False,False,False,True,False,False,False,True,False,True,False,False,False
Battery overheating (2-4 d),SITE__1976992050,2026-06-02,3,False,False,True,False,True,False,False,False,False,False,True,False,False,False
"Load drop (sector outage, 1-3 d)",SITE__680720017,2026-03-19,1,True,False,False,False,True,False,False,False,True,False,True,False,False,False
Supply interruption (1-2 d),SITE__680720017,2026-05-08,2,True,True,True,False,True,True,True,False,True,True,True,True,True,False
Rectifier efficiency loss (3-5 d),SITE__2794871891,2026-03-27,5,True,True,False,False,True,True,False,False,False,False,False,False,False,False
"Load surge (non-RAN load, 1 d)",SITE__2794871891,2026-05-28,1,True,False,True,False,True,False,True,False,True,False,True,False,True,False
"Load surge (non-RAN load, 1 d)",SITE__1333383074,2026-03-11,1,True,False,False,False,True,False,False,False,True,False,True,False,False,False
RAN meter drift (3-5 d),SITE__1333383074,2026-05-11,5,False,False,True,False,True,False,False,False,False,False,True,False,False,False
Supply interruption (1-2 d),SITE__200256951,2026-05-21,2,False,False,True,False,True,False,False,False,False,False,True,False,False,False
RAN meter drift (3-5 d),SITE__200256951,2026-03-16,5,True,True,True,True,True,True,True,True,True,True,True,True,True,True
Battery overheating (2-4 d),SITE__2363916428,2026-03-08,2,False,False,True,False,True,False,False,False,False,False,True,False,False,False
"Load surge (non-RAN load, 1 d)",SITE__2363916428,2026-05-02,1,True,False,True,False,True,False,True,False,True,False,True,False,True,False
"Load surge (non-RAN load, 1 d)",SITE__477339001,2026-03-28,1,True,False,True,False,True,False,True,False,True,False,True,False,True,False
RAN meter drift (3-5 d),SITE__477339001,2026-05-25,5,False,False,True,False,True,False,False,False,True,False,True,False,True,False
Supply interruption (1-2 d),SITE__2530239706,2026-04-22,2,False,False,True,False,True,False,False,False,False,False,True,False,False,False
Battery overheating (2-4 d),SITE__2530239706,2026-03-08,4,False,False,True,False,True,False,False,False,False,False,True,False,False,False
"Load surge (non-RAN load, 1 d)",SITE__1300414080,2026-03-05,1,True,False,True,False,True,False,True,False,True,False,True,False,True,False
"Load drop (sector outage, 1-3 d)",SITE__1300414080,2026-04-24,2,True,False,False,False,True,False,False,False,True,False,True,False,False,False
Rectifier efficiency loss (3-5 d),SITE__164225495,2026-03-03,5,False,False,False,False,False,False,False,False,False,False,False,False,False,False
"Load surge (non-RAN load, 1 d)",SITE__164225495,2026-06-01,1,True,False,True,False,True,False,True,False,True,False,True,False,True,False
"Load drop (sector outage, 1-3 d)",SITE__2276483173,2026-05-09,3,True,False,False,False,True,False,False,False,True,False,True,False,False,False
Supply interruption (1-2 d),SITE__2276483173,2026-03-24,1,False,False,True,False,True,False,False,False,False,False,True,False,False,False
RAN meter drift (3-5 d),SITE__175170786,2026-03-07,4,False,False,True,False,True,False,False,False,False,False,True,False,False,False
Supply interruption (1-2 d),SITE__175170786,2026-05-24,1,False,False,True,False,True,False,False,False,False,False,True,False,False,False
Supply interruption (1-2 d),SITE__2721067873,2026-03-06,1,False,False,True,False,True,False,False,False,False,False,True,False,False,False
Supply interruption (1-2 d),SITE__2721067873,2026-05-12,2,False,False,True,True,True,True,False,False,False,False,True,True,False,False
Supply interruption (1-2 d),SITE__2300782471,2026-03-24,1,False,False,True,False,True,False,False,False,False,False,True,False,False,False
Supply interruption (1-2 d),SITE__2300782471,2026-05-24,1,False,False,True,False,True,False,False,False,False,False,True,False,False,False
RAN meter drift (3-5 d),SITE__100649386,2026-03-18,4,False,False,True,True,True,True,False,False,False,False,True,True,False,False
"Load surge (non-RAN load, 1 d)",SITE__100649386,2026-05-25,1,True,False,True,False,True,False,True,False,True,False,True,False,True,False
"Load surge (non-RAN load, 1 d)",SITE__2744551082,2026-04-20,1,True,False,True,False,True,False,True,False,True,False,True,False,True,False
"Load drop (sector outage, 1-3 d)",SITE__2744551082,2026-02-28,3,True,True,False,False,True,True,False,False,True,True,True,True,False,False
Supply interruption (1-2 d),SITE__1942269218,2026-05-09,2,False,False,True,False,True,False,False,False,False,False,True,False,False,False
RAN meter drift (3-5 d),SITE__1942269218,2026-03-14,3,False,False,True,False,True,False,False,False,False,False,True,False,False,False
"Load surge (non-RAN load, 1 d)",SITE__1181852555,2026-03-22,1,True,False,True,False,True,False,True,False,True,False,True,False,True,False
Supply interruption (1-2 d),SITE__1181852555,2026-05-23,2,False,False,True,False,True,False,False,False,False,False,True,False,False,False
"Load surge (non-RAN load, 1 d)",SITE__2555780833,2026-03-08,1,True,False,True,False,True,False,True,False,True,False,True,False,True,False
"Load surge (non-RAN load, 1 d)",SITE__2555780833,2026-05-20,1,True,False,True,False,True,False,True,False,True,False,True,False,True,False
"Load surge (non-RAN load, 1 d)",SITE__1512321383,2026-03-03,1,True,False,True,False,True,False,True,False,True,False,True,False,True,False
RAN meter drift (3-5 d),SITE__1512321383,2026-05-22,5,True,True,True,False,True,True,True,False,True,True,True,True,True,False
Battery overheating (2-4 d),SITE__2629693807,2026-04-22,3,False,False,True,False,True,False,False,False,False,False,True,False,False,False
Supply interruption (1-2 d),SITE__2629693807,2026-03-03,2,False,False,True,False,True,False,False,False,False,False,True,False,False,False
"Load drop (sector outage, 1-3 d)",SITE__2403519218,2026-05-27,3,True,True,False,False,True,True,False,False,True,False,True,False,False,False
Rectifier efficiency loss (3-5 d),SITE__2403519218,2026-04-04,5,False,False,False,False,False,False,False,False,False,False,False,False,False,False
Supply interruption (1-2 d),SITE__2558852999,2026-04-11,1,False,False,True,False,True,False,False,False,False,False,True,False,False,False
Rectifier efficiency loss (3-5 d),SITE__2558852999,2026-02-24,3,False,False,False,False,False,False,False,False,False,False,False,False,False,False
Rectifier efficiency loss (3-5 d),SITE__2325021252,2026-05-25,3,False,False,False,False,False,False,False,False,False,False,False,False,False,False
Battery overheating (2-4 d),SITE__2325021252,2026-03-07,2,False,False,False,False,False,False,False,False,False,False,False,False,False,False
Supply interruption (1-2 d),SITE__1466380942,2026-04-28,2,False,False,True,False,True,False,False,False,False,False,True,False,False,False
RAN meter drift (3-5 d),SITE__1466380942,2026-03-09,3,True,False,True,False,True,False,True,False,True,False,True,False,True,False
Supply interruption (1-2 d),SITE__2633426066,2026-04-17,1,False,False,True,False,True,False,False,False,False,False,True,False,False,False
Supply interruption (1-2 d),SITE__2633426066,2026-06-01,1,False,False,True,False,True,False,False,False,False,False,True,False,False,False
"Load surge (non-RAN load, 1 d)",SITE__2835224600,2026-04-19,1,True,False,True,True,True,True,True,False,True,False,True,True,True,False
Supply interruption (1-2 d),SITE__2835224600,2026-02-28,1,False,False,True,False,True,False,False,False,False,False,True,False,False,False
"Load surge (non-RAN load, 1 d)",SITE__2731725034,2026-03-25,1,True,False,True,False,True,False,True,False,True,False,True,False,True,False
Battery overheating (2-4 d),SITE__2731725034,2026-06-01,3,False,False,False,False,False,False,False,False,False,False,False,False,False,False
"Load surge (non-RAN load, 1 d)",SITE__151619547,2026-05-26,1,True,False,True,False,True,False,True,False,True,False,True,False,True,False
Supply interruption (1-2 d),SITE__151619547,2026-04-10,1,False,False,True,False,True,False,False,False,False,False,True,False,False,False
RAN meter drift (3-5 d),SITE__2192970629,2026-05-20,4,True,False,True,True,True,True,True,False,True,False,True,True,True,False
"Load drop (sector outage, 1-3 d)",SITE__2192970629,2026-03-22,1,True,False,True,True,True,True,True,False,True,False,True,True,True,False
RAN meter drift (3-5 d),SITE__353635078,2026-04-15,3,False,False,True,False,True,False,False,False,False,False,True,False,False,False
RAN meter drift (3-5 d),SITE__353635078,2026-02-27,4,True,True,True,False,True,True,True,False,True,True,True,True,True,False
RAN meter drift (3-5 d),SITE__214571113,2026-04-28,5,False,False,True,False,True,False,False,False,False,False,True,False,False,False
Rectifier efficiency loss (3-5 d),SITE__214571113,2026-03-08,4,False,False,False,False,False,False,False,False,False,False,False,False,False,False
Rectifier efficiency loss (3-5 d),SITE__2484063277,2026-05-20,4,False,False,False,False,False,False,False,False,False,False,False,False,False,False
Rectifier efficiency loss (3-5 d),SITE__2484063277,2026-03-09,5,False,False,False,False,False,False,False,False,False,False,False,False,False,False
RAN meter drift (3-5 d),SITE__212617538,2026-03-14,3,False,False,True,False,True,False,False,False,False,False,True,False,False,False
"Load drop (sector outage, 1-3 d)",SITE__212617538,2026-05-31,2,True,False,False,False,True,False,False,False,True,False,True,False,False,False
Rectifier efficiency loss (3-5 d),SITE__669930158,2026-05-15,4,False,False,False,False,False,False,False,False,False,False,False,False,False,False
"Load surge (non-RAN load, 1 d)",SITE__669930158,2026-03-02,1,True,False,True,False,True,False,True,False,True,False,True,False,True,False
"Load surge (non-RAN load, 1 d)",SITE__1091828370,2026-05-16,1,True,False,True,False,True,False,True,False,True,False,True,False,True,False
Battery overheating (2-4 d),SITE__1091828370,2026-03-12,2,False,False,True,False,True,False,False,False,False,False,True,False,False,False
Battery overheating (2-4 d),SITE__2728517964,2026-03-24,2,False,False,False,False,False,False,False,False,False,False,False,False,False,False
"Load surge (non-RAN load, 1 d)",SITE__2728517964,2026-05-31,1,True,False,True,False,True,False,True,False,True,False,True,False,True,False
Supply interruption (1-2 d),SITE__1419875464,2026-04-22,2,False,False,True,False,True,False,False,False,False,False,True,False,False,False
Battery overheating (2-4 d),SITE__1419875464,2026-02-27,2,True,True,True,False,True,True,True,False,False,False,True,False,False,False
Battery overheating (2-4 d),SITE__1142920806,2026-04-18,4,False,False,True,False,True,False,False,False,False,False,True,False,False,False
Supply interruption (1-2 d),SITE__1142920806,2026-02-26,2,False,False,True,False,True,False,False,False,False,False,True,False,False,False
"Load drop (sector outage, 1-3 d)",SITE__1543726946,2026-04-05,2,True,True,False,False,True,True,False,False,True,True,True,True,False,False
Battery overheating (2-4 d),SITE__1543726946,2026-05-29,4,False,False,False,False,False,False,False,False,False,False,False,False,False,False
RAN meter drift (3-5 d),SITE__1964481410,2026-05-04,4,True,False,True,False,True,False,True,False,True,False,True,False,True,False
"Load surge (non-RAN load, 1 d)",SITE__1964481410,2026-03-05,1,True,False,True,False,True,False,True,False,True,False,True,False,True,False
"Load surge (non-RAN load, 1 d)",SITE__1321316190,2026-03-12,1,True,False,True,False,True,False,True,False,True,False,True,False,True,False
Rectifier efficiency loss (3-5 d),SITE__1321316190,2026-05-16,4,False,False,False,False,False,False,False,False,False,False,False,False,False,False
Battery overheating (2-4 d),SITE__1749593141,2026-03-07,2,False,False,False,False,False,False,False,False,False,False,False,False,False,False
"Load drop (sector outage, 1-3 d)",SITE__1749593141,2026-04-22,3,True,False,False,False,True,False,False,False,True,False,True,False,False,False
Rectifier efficiency loss (3-5 d),SITE__2824532281,2026-03-20,5,False,False,False,True,False,True,False,False,False,False,False,True,False,False
"Load surge (non-RAN load, 1 d)",SITE__2824532281,2026-05-09,1,True,False,True,False,True,False,True,False,True,False,True,False,True,False
"Load drop (sector outage, 1-3 d)",SITE__660515087,2026-05-09,3,True,False,False,False,True,False,False,False,True,False,True,False,False,False
Supply interruption (1-2 d),SITE__660515087,2026-03-16,1,False,False,True,False,True,False,False,False,False,False,True,False,False,False
"Load drop (sector outage, 1-3 d)",SITE__443543074,2026-04-09,3,True,False,False,False,True,False,False,False,True,False,True,False,False,False
Rectifier efficiency loss (3-5 d),SITE__443543074,2026-05-27,4,True,True,False,False,True,True,False,False,True,True,True,True,False,False
Supply interruption (1-2 d),SITE__1586833846,2026-03-14,1,False,False,True,False,True,False,False,False,False,False,True,False,False,False
Rectifier efficiency loss (3-5 d),SITE__1586833846,2026-05-23,5,False,False,False,False,False,False,False,False,False,False,False,False,False,False
Supply interruption (1-2 d),SITE__2110996696,2026-02-24,1,False,False,True,False,True,False,False,False,False,False,True,False,False,False
RAN meter drift (3-5 d),SITE__2110996696,2026-05-16,5,True,False,True,False,True,False,True,False,True,False,True,False,True,False
"Load drop (sector outage, 1-3 d)",SITE__1548924690,2026-05-09,2,True,False,False,False,True,False,False,False,True,False,True,False,False,False
"Load drop (sector outage, 1-3 d)",SITE__1548924690,2026-03-25,3,True,False,False,False,True,False,False,False,True,False,True,False,False,False
Supply interruption (1-2 d),SITE__1702422498,2026-04-08,1,False,False,True,False,True,False,False,False,False,False,True,False,False,False
Rectifier efficiency loss (3-5 d),SITE__1702422498,2026-05-28,4,False,False,False,False,False,False,False,False,False,False,False,False,False,False
"Load surge (non-RAN load, 1 d)",SITE__2817263373,2026-05-13,1,True,False,True,False,True,False,True,False,True,False,True,False,True,False
Rectifier efficiency loss (3-5 d),SITE__2817263373,2026-03-07,4,False,False,False,False,False,False,False,False,False,False,False,False,False,False
Battery overheating (2-4 d),SITE__390540311,2026-05-21,3,False,False,True,False,True,False,False,False,False,False,True,False,False,False
Supply interruption (1-2 d),SITE__390540311,2026-03-26,1,False,False,True,False,True,False,False,False,False,False,True,False,False,False
Battery overheating (2-4 d),SITE__888938145,2026-04-29,2,False,False,True,True,True,True,False,False,False,False,True,True,False,False
Rectifier efficiency loss (3-5 d),SITE__888938145,2026-02-28,4,True,True,True,True,True,True,True,True,False,False,True,True,False,False
Rectifier efficiency loss (3-5 d),SITE__360152031,2026-04-29,4,False,False,False,False,False,False,False,False,False,False,False,False,False,False
RAN meter drift (3-5 d),SITE__360152031,2026-02-24,3,False,False,True,False,True,False,False,False,False,False,True,False,False,False
Battery overheating (2-4 d),SITE__99869221,2026-03-04,3,False,False,True,False,True,False,False,False,False,False,True,False,False,False
Battery overheating (2-4 d),SITE__99869221,2026-06-01,4,False,False,True,False,True,False,False,False,False,False,True,False,False,False
"Load surge (non-RAN load, 1 d)",SITE__2990457598,2026-04-02,1,True,False,True,True,True,True,True,False,True,False,True,True,True,False
Rectifier efficiency loss (3-5 d),SITE__1468746531,2026-05-27,5,True,True,False,False,True,True,False,False,True,True,True,True,False,False
RAN meter drift (3-5 d),SITE__1468746531,2026-04-08,5,True,False,True,False,True,False,True,False,True,False,True,False,True,False
"Load surge (non-RAN load, 1 d)",SITE__902784767,2026-05-25,1,True,False,True,False,True,False,True,False,True,False,True,False,True,False
Battery overheating (2-4 d),SITE__902784767,2026-03-15,3,False,False,True,False,True,False,False,False,False,False,True,False,False,False
Rectifier efficiency loss (3-5 d),SITE__693625678,2026-05-09,5,False,False,False,False,False,False,False,False,False,False,False,False,False,False
Supply interruption (1-2 d),SITE__693625678,2026-03-11,1,False,False,True,False,True,False,False,False,False,False,True,False,False,False
"Load drop (sector outage, 1-3 d)",SITE__1515297198,2026-05-25,1,True,False,True,True,True,True,True,False,True,False,True,True,True,False
RAN meter drift (3-5 d),SITE__1461524758,2026-03-18,4,False,False,True,False,True,False,False,False,False,False,True,False,False,False
RAN meter drift (3-5 d),SITE__1461524758,2026-05-26,3,False,False,True,False,True,False,False,False,False,False,True,False,False,False
Supply interruption (1-2 d),SITE__421270558,2026-03-01,2,False,False,True,False,True,False,False,False,False,False,True,False,False,False
"Load surge (non-RAN load, 1 d)",SITE__421270558,2026-05-09,1,True,False,True,False,True,False,True,False,True,False,True,False,True,False
"Load drop (sector outage, 1-3 d)",SITE__281410831,2026-04-30,1,True,False,False,False,True,False,False,False,True,False,True,False,False,False
"Load surge (non-RAN load, 1 d)",SITE__281410831,2026-03-04,1,True,False,True,False,True,False,True,False,True,False,True,False,True,False
"Load surge (non-RAN load, 1 d)",SITE__2510840655,2026-03-06,1,True,False,True,False,True,False,True,False,True,False,True,False,True,False
"Load surge (non-RAN load, 1 d)",SITE__2510840655,2026-05-21,1,True,False,True,False,True,False,True,False,True,False,True,False,True,False
Supply interruption (1-2 d),SITE__2108952544,2026-04-03,1,False,False,True,False,True,False,False,False,False,False,True,False,False,False
RAN meter drift (3-5 d),SITE__2108952544,2026-05-23,4,True,False,True,True,True,True,True,False,True,False,True,True,True,False
RAN meter drift (3-5 d),SITE__1410127765,2026-04-14,4,True,False,True,False,True,False,True,False,True,False,True,False,True,False
"Load drop (sector outage, 1-3 d)",SITE__1410127765,2026-02-24,1,True,False,False,False,True,False,False,False,True,False,True,False,False,False
Rectifier efficiency loss (3-5 d),SITE__1565926036,2026-05-26,3,False,False,False,False,False,False,False,False,False,False,False,False,False,False
Rectifier efficiency loss (3-5 d),SITE__1565926036,2026-03-22,3,False,False,False,False,False,False,False,False,False,False,False,False,False,False
Battery overheating (2-4 d),SITE__2331613243,2026-05-30,3,False,False,False,False,False,False,False,False,False,False,False,False,False,False
Rectifier efficiency loss (3-5 d),SITE__2331613243,2026-04-04,5,False,False,False,False,False,False,False,False,False,False,False,False,False,False
RAN meter drift (3-5 d),SITE__2518018565,2026-03-07,5,False,False,True,False,True,False,False,False,False,False,True,False,False,False
Battery overheating (2-4 d),SITE__2518018565,2026-05-18,2,True,True,True,False,True,True,True,False,True,True,True,True,True,False
Rectifier efficiency loss (3-5 d),SITE__1700311970,2026-03-24,4,False,False,True,True,True,True,False,False,False,False,True,True,False,False
Supply interruption (1-2 d),SITE__1700311970,2026-05-21,1,False,False,True,False,True,False,False,False,False,False,True,False,False,False
Supply interruption (1-2 d),SITE__2248039663,2026-05-16,1,False,False,True,False,True,False,False,False,False,False,True,False,False,False
"Load surge (non-RAN load, 1 d)",SITE__2248039663,2026-03-24,1,True,True,True,False,True,True,True,False,True,True,True,True,True,False
RAN meter drift (3-5 d),SITE__856918188,2026-06-03,4,True,True,True,False,True,True,True,False,True,True,True,True,True,False
RAN meter drift (3-5 d),SITE__856918188,2026-03-11,3,True,False,True,False,True,False,True,False,True,False,True,False,True,False
"Load drop (sector outage, 1-3 d)",SITE__2320379012,2026-04-26,3,True,False,False,False,True,False,False,False,True,False,True,False,False,False
Rectifier efficiency loss (3-5 d),SITE__2320379012,2026-03-08,3,False,False,False,False,False,False,False,False,False,False,False,False,False,False
Supply interruption (1-2 d),SITE__1052543540,2026-04-10,1,False,False,True,False,True,False,False,False,False,False,True,False,False,False
"Load drop (sector outage, 1-3 d)",SITE__1052543540,2026-05-29,1,True,False,False,False,True,False,False,False,True,False,True,False,False,False
RAN meter drift (3-5 d),SITE__1928322362,2026-03-12,3,True,True,True,False,True,True,True,False,True,True,True,True,True,False
Supply interruption (1-2 d),SITE__1928322362,2026-05-21,2,False,False,True,False,True,False,False,False,True,True,True,True,True,False
RAN meter drift (3-5 d),SITE__2982655170,2026-04-07,5,True,False,True,False,True,False,True,False,True,False,True,False,True,False
"Load drop (sector outage, 1-3 d)",SITE__2982655170,2026-05-31,3,True,False,True,True,True,True,True,False,True,False,True,True,True,False
Supply interruption (1-2 d),SITE__1028880459,2026-04-30,1,False,False,True,False,True,False,False,False,False,False,True,False,False,False
Battery overheating (2-4 d),SITE__71238453,2026-04-17,3,False,False,True,False,True,False,False,False,False,False,True,False,False,False
Rectifier efficiency loss (3-5 d),SITE__71238453,2026-06-01,5,False,False,False,False,False,False,False,False,False,False,False,False,False,False
Supply interruption (1-2 d),SITE__1114186462,2026-02-24,2,False,False,True,False,True,False,False,False,False,False,True,False,False,False
Battery overheating (2-4 d),SITE__1114186462,2026-04-13,2,False,False,False,False,False,False,False,False,False,False,False,False,False,False
Supply interruption (1-2 d),SITE__856044867,2026-05-20,1,False,False,True,False,True,False,False,False,False,False,True,False,False,False
"Load surge (non-RAN load, 1 d)",SITE__856044867,2026-02-24,1,True,False,True,False,True,False,True,False,True,False,True,False,True,False
Supply interruption (1-2 d),SITE__1773226489,2026-05-25,1,False,False,True,False,True,False,False,False,False,False,True,False,False,False
"Load drop (sector outage, 1-3 d)",SITE__1773226489,2026-03-12,2,True,False,False,False,True,False,False,False,True,False,True,False,False,False
Supply interruption (1-2 d),SITE__2554697920,2026-02-27,1,False,False,True,False,True,False,False,False,False,False,True,False,False,False
Rectifier efficiency loss (3-5 d),SITE__2554697920,2026-05-22,5,False,False,False,False,False,False,False,False,False,False,False,False,False,False
Supply interruption (1-2 d),SITE__1708217564,2026-02-26,1,False,False,True,False,True,False,False,False,False,False,True,False,False,False
RAN meter drift (3-5 d),SITE__1708217564,2026-04-19,5,True,False,True,False,True,False,True,False,True,True,True,True,True,False
"Load surge (non-RAN load, 1 d)",SITE__2898984500,2026-03-01,1,True,False,True,False,True,False,True,False,True,False,True,False,True,False
Battery overheating (2-4 d),SITE__2898984500,2026-05-29,4,False,False,True,False,True,False,False,False,False,False,True,False,False,False
"Load surge (non-RAN load, 1 d)",SITE__1020055047,2026-03-17,1,True,True,True,False,True,True,True,False,True,True,True,True,True,False
Battery overheating (2-4 d),SITE__1020055047,2026-05-10,2,False,False,True,False,True,False,False,False,False,False,True,False,False,False
"Load surge (non-RAN load, 1 d)",SITE__901967034,2026-04-15,1,True,False,True,False,True,False,True,False,True,False,True,False,True,False
Battery overheating (2-4 d),SITE__901967034,2026-06-02,2,False,False,False,False,False,False,False,False,False,False,False,False,False,False
"Load drop (sector outage, 1-3 d)",SITE__1426689369,2026-02-26,1,True,False,False,False,True,False,False,False,True,False,True,False,False,False
"Load surge (non-RAN load, 1 d)",SITE__1426689369,2026-05-10,1,True,True,False,False,True,True,False,False,True,True,True,True,False,False
Supply interruption (1-2 d),SITE__856928620,2026-05-29,2,False,False,True,False,True,False,False,False,False,False,True,False,False,False
RAN meter drift (3-5 d),SITE__856928620,2026-04-02,3,False,False,True,False,True,False,False,False,False,False,True,False,False,False
Rectifier efficiency loss (3-5 d),SITE__1279025873,2026-03-15,3,False,False,False,False,False,False,False,False,False,False,False,False,False,False
Rectifier efficiency loss (3-5 d),SITE__1279025873,2026-05-21,4,False,False,False,False,False,False,False,False,False,False,False,False,False,False
"Load drop (sector outage, 1-3 d)",SITE__1539562295,2026-03-15,3,True,False,False,False,True,False,False,False,True,False,True,False,False,False
Supply interruption (1-2 d),SITE__1539562295,2026-05-03,2,False,False,True,False,True,False,False,False,False,False,True,False,False,False
"Load drop (sector outage, 1-3 d)",SITE__2197248583,2026-05-08,2,True,False,True,True,True,True,True,False,True,False,True,True,True,False
Rectifier efficiency loss (3-5 d),SITE__2197248583,2026-03-13,3,False,False,True,True,True,True,False,False,False,False,True,True,False,False
"Load surge (non-RAN load, 1 d)",SITE__2674454097,2026-03-30,1,True,False,True,False,True,False,True,False,True,False,True,False,True,False
Rectifier efficiency loss (3-5 d),SITE__2674454097,2026-05-28,5,False,False,False,False,False,False,False,False,False,False,False,False,False,False
Supply interruption (1-2 d),SITE__2423627373,2026-05-24,2,False,False,True,False,True,False,False,False,False,False,True,False,False,False
Supply interruption (1-2 d),SITE__2423627373,2026-03-24,2,False,False,True,False,True,False,False,False,False,False,True,False,False,False
Supply interruption (1-2 d),SITE__119224177,2026-06-01,1,False,False,True,False,True,False,False,False,False,False,True,False,False,False
Rectifier efficiency loss (3-5 d),SITE__119224177,2026-03-21,3,False,False,False,False,False,False,False,False,False,False,False,False,False,False
Battery overheating (2-4 d),SITE__1089255750,2026-03-01,2,True,True,True,True,True,True,True,True,True,True,True,True,True,True
"Load drop (sector outage, 1-3 d)",SITE__1089255750,2026-05-11,2,True,False,False,False,True,False,False,False,True,False,True,False,False,False
Battery overheating (2-4 d),SITE__2330460605,2026-03-27,4,False,False,True,False,True,False,False,False,False,False,True,False,False,False
Supply interruption (1-2 d),SITE__2330460605,2026-05-24,2,False,False,True,False,True,False,False,False,False,False,True,False,False,False
"Load drop (sector outage, 1-3 d)",SITE__1957684496,2026-04-06,1,True,False,False,False,True,False,False,False,True,False,True,False,False,False
Supply interruption (1-2 d),SITE__1957684496,2026-05-22,2,False,False,True,False,True,False,False,False,False,False,True,False,False,False
RAN meter drift (3-5 d),SITE__825280423,2026-03-23,4,False,False,True,False,True,False,False,False,True,False,True,False,True,False
Battery overheating (2-4 d),SITE__825280423,2026-05-18,2,False,False,False,False,False,False,False,False,False,False,False,False,False,False
Battery overheating (2-4 d),SITE__92825653,2026-03-28,4,False,False,True,False,True,False,False,False,False,False,True,False,False,False
"Load surge (non-RAN load, 1 d)",SITE__92825653,2026-06-01,1,True,False,False,False,True,False,False,False,True,False,True,False,False,False
Battery overheating (2-4 d),SITE__920212409,2026-03-27,4,False,False,True,False,True,False,False,False,False,False,True,False,False,False
"Load drop (sector outage, 1-3 d)",SITE__920212409,2026-05-14,2,True,False,False,False,True,False,False,False,True,False,True,False,False,False
"Load drop (sector outage, 1-3 d)",SITE__2131254636,2026-05-22,1,True,False,False,False,True,False,False,False,True,False,True,False,False,False
Rectifier efficiency loss (3-5 d),SITE__2131254636,2026-04-02,3,False,False,False,False,False,False,False,False,False,False,False,False,False,False
RAN meter drift (3-5 d),SITE__1673973378,2026-05-28,3,False,False,True,False,True,False,False,False,False,False,True,False,False,False
RAN meter drift (3-5 d),SITE__1673973378,2026-03-27,5,False,False,True,False,True,False,False,False,True,False,True,False,True,False
Battery overheating (2-4 d),SITE__204376329,2026-05-25,3,False,False,True,False,True,False,False,False,False,False,True,False,False,False
RAN meter drift (3-5 d),SITE__204376329,2026-03-05,4,False,False,True,True,True,True,False,False,False,False,True,True,False,False
"Load drop (sector outage, 1-3 d)",SITE__1178018182,2026-05-24,1,True,False,False,False,True,False,False,False,True,False,True,False,False,False
Rectifier efficiency loss (3-5 d),SITE__1178018182,2026-02-26,5,False,False,False,False,False,False,False,False,False,False,False,False,False,False
Battery overheating (2-4 d),SITE__2334044871,2026-03-24,2,True,True,True,False,True,True,True,False,True,True,True,True,True,False
Supply interruption (1-2 d),SITE__2334044871,2026-06-02,2,False,False,True,False,True,False,False,False,False,False,True,False,False,False
"Load surge (non-RAN load, 1 d)",SITE__1651277380,2026-04-13,1,True,False,True,False,True,False,True,False,True,False,True,False,True,False
RAN meter drift (3-5 d),SITE__1651277380,2026-06-01,5,False,False,True,False,True,False,False,False,False,False,True,False,False,False
Rectifier efficiency loss (3-5 d),SITE__2987470519,2026-05-12,4,False,False,False,False,False,False,False,False,False,False,False,False,False,False
Battery overheating (2-4 d),SITE__2987470519,2026-03-17,3,False,False,True,False,True,False,False,False,False,False,True,False,False,False
Battery overheating (2-4 d),SITE__1529216153,2026-05-15,2,False,False,True,False,True,False,False,False,False,False,True,False,False,False
RAN meter drift (3-5 d),SITE__1529216153,2026-03-11,4,False,False,True,False,True,False,False,False,False,False,True,False,False,False
RAN meter drift (3-5 d),SITE__2273013051,2026-04-02,5,True,False,True,False,True,False,True,False,True,False,True,False,True,False
Battery overheating (2-4 d),SITE__2273013051,2026-05-23,4,False,False,True,False,True,False,False,False,False,False,True,False,False,False
Supply interruption (1-2 d),SITE__1424763546,2026-05-22,1,False,False,True,True,True,True,False,False,False,False,True,True,False,False
"Load surge (non-RAN load, 1 d)",SITE__1424763546,2026-03-18,1,True,False,True,False,True,False,True,False,True,False,True,False,True,False
Supply interruption (1-2 d),SITE__1648461775,2026-05-31,2,False,False,True,False,True,False,False,False,False,False,True,False,False,False
Rectifier efficiency loss (3-5 d),SITE__1648461775,2026-04-10,5,False,False,False,False,False,False,False,False,False,False,False,False,False,False
"Load surge (non-RAN load, 1 d)",SITE__1886598308,2026-03-08,1,True,False,True,False,True,False,True,False,True,False,True,False,True,False
"Load drop (sector outage, 1-3 d)",SITE__1886598308,2026-05-06,2,True,False,False,False,True,False,False,False,True,False,True,False,False,False
"Load drop (sector outage, 1-3 d)",SITE__1688170288,2026-05-07,1,True,False,False,False,True,False,False,False,True,False,True,False,False,False
RAN meter drift (3-5 d),SITE__1688170288,2026-03-08,3,True,False,True,False,True,False,True,False,True,False,True,False,True,False
"Load drop (sector outage, 1-3 d)",SITE__1615343858,2026-05-04,1,True,False,False,False,True,False,False,False,True,False,True,False,False,False
Rectifier efficiency loss (3-5 d),SITE__1615343858,2026-03-13,3,False,False,False,False,False,False,False,False,False,False,False,False,False,False
"Load surge (non-RAN load, 1 d)",SITE__873877730,2026-03-30,1,True,False,True,False,True,False,True,False,True,False,True,False,True,False
"Load drop (sector outage, 1-3 d)",SITE__873877730,2026-05-30,3,True,False,False,False,True,False,False,False,True,False,True,False,False,False
Supply interruption (1-2 d),SITE__1974324879,2026-05-10,2,False,False,True,False,True,False,False,False,False,False,True,False,False,False
"Load surge (non-RAN load, 1 d)",SITE__1974324879,2026-03-17,1,True,False,True,False,True,False,True,False,True,False,True,False,True,False
RAN meter drift (3-5 d),SITE__2494860,2026-03-01,3,True,False,True,False,True,False,True,False,True,False,True,False,True,False
"Load drop (sector outage, 1-3 d)",SITE__2494860,2026-05-26,1,True,False,False,False,True,False,False,False,True,False,True,False,False,False
"Load surge (non-RAN load, 1 d)",SITE__63149779,2026-03-13,1,True,False,True,False,True,False,True,False,True,True,True,True,True,False
Battery overheating (2-4 d),SITE__63149779,2026-05-30,2,False,False,True,False,True,False,False,False,False,False,True,False,False,False
Supply interruption (1-2 d),SITE__2229247436,2026-03-23,2,False,False,True,True,True,True,False,False,False,False,True,True,False,False
Rectifier efficiency loss (3-5 d),SITE__2229247436,2026-06-01,3,False,False,False,False,False,False,False,False,False,False,False,False,False,False
"Load surge (non-RAN load, 1 d)",SITE__488423720,2026-05-18,1,True,False,True,False,True,False,True,False,True,False,True,False,True,False
"Load drop (sector outage, 1-3 d)",SITE__488423720,2026-02-27,3,True,False,False,False,True,False,False,False,True,False,True,False,False,False
Rectifier efficiency loss (3-5 d),SITE__2192517266,2026-04-16,4,False,False,False,False,False,False,False,False,False,False,False,False,False,False
"Load drop (sector outage, 1-3 d)",SITE__2192517266,2026-02-25,1,True,False,False,False,True,False,False,False,True,False,True,False,False,False
"Load drop (sector outage, 1-3 d)",SITE__1541037032,2026-05-18,1,True,False,False,False,True,False,False,False,True,False,True,False,False,False
"Load surge (non-RAN load, 1 d)",SITE__1541037032,2026-03-23,1,True,True,True,False,True,True,True,False,True,False,True,False,True,False
Supply interruption (1-2 d),SITE__663610640,2026-03-11,2,False,False,True,False,True,False,False,False,False,False,True,False,False,False
RAN meter drift (3-5 d),SITE__663610640,2026-05-30,3,True,False,True,False,True,False,True,False,True,False,True,False,True,False
Battery overheating (2-4 d),SITE__2446316141,2026-03-11,4,False,False,True,False,True,False,False,False,False,False,True,False,False,False
"Load surge (non-RAN load, 1 d)",SITE__2446316141,2026-05-31,1,True,False,True,False,True,False,True,False,True,False,True,False,True,False
RAN meter drift (3-5 d),SITE__1464751072,2026-04-03,4,False,False,False,False,False,False,False,False,False,False,False,False,False,False
"Load surge (non-RAN load, 1 d)",SITE__1464751072,2026-05-24,1,True,False,False,False,True,False,False,False,True,False,True,False,False,False
"Load drop (sector outage, 1-3 d)",SITE__694570502,2026-03-27,1,True,False,False,False,True,False,False,False,True,False,True,False,False,False
"Load surge (non-RAN load, 1 d)",SITE__694570502,2026-06-02,1,True,False,True,False,True,False,True,False,True,False,True,False,True,False
Rectifier efficiency loss (3-5 d),SITE__1685682384,2026-03-31,4,False,False,False,False,False,False,False,False,False,False,False,False,False,False
Rectifier efficiency loss (3-5 d),SITE__1685682384,2026-05-21,4,False,False,False,False,False,False,False,False,False,False,False,False,False,False
Rectifier efficiency loss (3-5 d),SITE__2227961108,2026-05-29,4,True,True,False,False,True,True,False,False,False,False,False,False,False,False
RAN meter drift (3-5 d),SITE__2227961108,2026-03-10,4,True,False,True,False,True,False,True,False,True,False,True,False,True,False
"Load drop (sector outage, 1-3 d)",SITE__403349440,2026-05-13,2,True,False,False,False,True,False,False,False,True,False,True,False,False,False
Supply interruption (1-2 d),SITE__403349440,2026-03-17,2,False,False,True,False,True,False,False,False,False,False,True,False,False,False
RAN meter drift (3-5 d),SITE__2388462800,2026-06-01,5,True,False,True,True,True,True,True,False,True,False,True,True,True,False
Battery overheating (2-4 d),SITE__2388462800,2026-03-30,4,False,False,True,False,True,False,False,False,False,False,True,False,False,False
Supply interruption (1-2 d),SITE__1764522466,2026-04-14,1,False,False,True,False,True,False,False,False,False,False,True,False,False,False
"Load surge (non-RAN load, 1 d)",SITE__1764522466,2026-02-26,1,True,False,True,False,True,False,True,False,True,False,True,False,True,False
Battery overheating (2-4 d),SITE__723524742,2026-03-13,2,False,False,True,False,True,False,False,False,False,False,True,False,False,False
Battery overheating (2-4 d),SITE__723524742,2026-04-30,3,False,False,False,False,False,False,False,False,False,False,False,False,False,False
Rectifier efficiency loss (3-5 d),SITE__2314659875,2026-03-02,5,False,False,False,False,False,False,False,False,False,False,False,False,False,False
Supply interruption (1-2 d),SITE__2314659875,2026-05-21,1,False,False,True,False,True,False,False,False,False,False,True,False,False,False
RAN meter drift (3-5 d),SITE__1920264967,2026-03-18,5,True,True,True,True,True,True,True,False,True,True,True,True,True,False
"Load surge (non-RAN load, 1 d)",SITE__1920264967,2026-05-02,1,True,False,True,False,True,False,True,False,True,False,True,False,True,False
Supply interruption (1-2 d),SITE__1194152565,2026-05-03,2,False,False,True,False,True,False,False,False,False,False,True,False,False,False
RAN meter drift (3-5 d),SITE__1194152565,2026-03-10,3,False,False,True,False,True,False,False,False,False,False,True,False,False,False
Battery overheating (2-4 d),SITE__373226139,2026-03-26,4,False,False,True,False,True,False,False,False,False,False,True,False,False,False
RAN meter drift (3-5 d),SITE__373226139,2026-05-17,3,True,False,True,False,True,False,True,False,True,False,True,False,True,False
Supply interruption (1-2 d),SITE__227686623,2026-04-13,1,False,False,True,False,True,False,False,False,False,False,True,False,False,False
Rectifier efficiency loss (3-5 d),SITE__227686623,2026-02-25,5,True,True,False,False,True,True,False,False,True,True,True,True,False,False
Supply interruption (1-2 d),SITE__1693964608,2026-03-27,1,False,False,True,False,True,False,False,False,False,False,True,False,False,False
"Load surge (non-RAN load, 1 d)",SITE__1693964608,2026-05-16,1,True,False,True,False,True,False,True,False,True,False,True,False,True,False
"Load surge (non-RAN load, 1 d)",SITE__2305018446,2026-02-25,1,True,False,True,False,True,False,True,False,True,False,True,False,True,False
Rectifier efficiency loss (3-5 d),SITE__2305018446,2026-05-23,3,False,False,False,False,False,False,False,False,False,False,False,False,False,False
"Load drop (sector outage, 1-3 d)",SITE__1979185532,2026-05-13,2,True,False,False,False,True,False,False,False,True,False,True,False,False,False
Battery overheating (2-4 d),SITE__1979185532,2026-03-28,3,False,False,True,False,True,False,False,False,False,False,True,False,False,False
RAN meter drift (3-5 d),SITE__829470382,2026-05-20,5,False,False,True,False,True,False,False,False,False,False,True,False,False,False
Supply interruption (1-2 d),SITE__829470382,2026-02-24,1,False,False,True,False,True,False,False,False,False,False,True,False,False,False
Supply interruption (1-2 d),SITE__1475455308,2026-03-09,2,False,False,True,False,True,False,False,False,False,False,True,False,False,False
"Load surge (non-RAN load, 1 d)",SITE__1475455308,2026-05-23,1,True,False,True,False,True,False,True,False,True,False,True,False,True,False
RAN meter drift (3-5 d),SITE__986291799,2026-05-30,3,False,False,True,False,True,False,False,False,False,False,True,False,False,False
"Load surge (non-RAN load, 1 d)",SITE__986291799,2026-03-29,1,True,False,True,False,True,False,True,False,True,False,True,False,True,False
"Load surge (non-RAN load, 1 d)",SITE__2974425223,2026-03-21,1,True,False,True,False,True,False,True,False,True,False,True,False,True,False
Supply interruption (1-2 d),SITE__2974425223,2026-05-22,1,False,False,True,False,True,False,False,False,False,False,True,False,False,False
"Load drop (sector outage, 1-3 d)",SITE__1064739876,2026-04-29,1,True,False,False,False,True,False,False,False,True,False,True,False,False,False
Battery overheating (2-4 d),SITE__1064739876,2026-02-25,3,False,False,True,False,True,False,False,False,False,False,True,False,False,False
"Load drop (sector outage, 1-3 d)",SITE__2795459053,2026-05-16,1,True,False,False,False,True,False,False,False,True,False,True,False,False,False
Supply interruption (1-2 d),SITE__2795459053,2026-03-07,1,False,False,True,False,True,False,False,False,False,False,True,False,False,False
RAN meter drift (3-5 d),SITE__933752513,2026-03-20,5,False,False,True,False,True,False,False,False,False,False,True,False,False,False
Supply interruption (1-2 d),SITE__933752513,2026-05-05,2,False,False,True,False,True,False,False,False,False,False,True,False,False,False
Rectifier efficiency loss (3-5 d),SITE__1563391213,2026-05-26,4,False,False,False,False,False,False,False,False,False,False,False,False,False,False
Supply interruption (1-2 d),SITE__1563391213,2026-04-11,2,False,False,True,False,True,False,False,False,False,False,True,False,False,False
"Load surge (non-RAN load, 1 d)",SITE__2934078412,2026-05-15,1,True,False,True,True,True,True,True,False,True,False,True,True,True,False
RAN meter drift (3-5 d),SITE__2934078412,2026-02-27,5,True,True,True,True,True,True,True,True,True,True,True,True,True,True
Battery overheating (2-4 d),SITE__2675140699,2026-03-10,3,False,False,True,False,True,False,False,False,False,False,True,False,False,False
RAN meter drift (3-5 d),SITE__2675140699,2026-05-20,5,False,False,True,False,True,False,False,False,False,False,True,False,False,False
Rectifier efficiency loss (3-5 d),SITE__2323939751,2026-04-19,5,False,False,False,False,False,False,False,False,False,False,False,False,False,False
Rectifier efficiency loss (3-5 d),SITE__2323939751,2026-03-03,3,False,False,False,False,False,False,False,False,False,False,False,False,False,False
"Load surge (non-RAN load, 1 d)",SITE__1832018971,2026-04-30,1,True,True,False,False,True,True,False,False,True,True,True,True,False,False
Supply interruption (1-2 d),SITE__1832018971,2026-02-25,1,False,False,True,False,True,False,False,False,True,True,True,True,True,False
Supply interruption (1-2 d),SITE__1562783124,2026-03-16,2,False,False,True,True,True,True,False,False,False,False,True,True,False,False
Supply interruption (1-2 d),SITE__1562783124,2026-05-01,1,False,False,True,False,True,False,False,False,False,False,True,False,False,False
Supply interruption (1-2 d),SITE__1497834080,2026-02-25,2,True,True,True,False,True,True,True,False,True,True,True,True,True,False
"Load surge (non-RAN load, 1 d)",SITE__1497834080,2026-04-22,1,True,False,True,False,True,False,True,False,True,False,True,False,True,False
"Load drop (sector outage, 1-3 d)",SITE__379041741,2026-05-16,3,True,False,False,False,True,False,False,False,True,False,True,False,False,False
Rectifier efficiency loss (3-5 d),SITE__379041741,2026-03-26,5,False,False,True,False,True,False,False,False,False,False,True,False,False,False
RAN meter drift (3-5 d),SITE__891867986,2026-03-23,3,False,False,True,False,True,False,False,False,False,False,True,False,False,False
Supply interruption (1-2 d),SITE__891867986,2026-05-10,1,False,False,True,True,True,True,False,False,False,False,True,True,False,False
"Load surge (non-RAN load, 1 d)",SITE__18852247,2026-04-11,1,True,False,True,False,True,False,True,False,True,False,True,False,True,False
RAN meter drift (3-5 d),SITE__18852247,2026-06-01,5,True,False,True,False,True,False,True,False,False,False,True,False,False,False
"Load drop (sector outage, 1-3 d)",SITE__1440970945,2026-03-14,3,True,False,False,False,True,False,False,False,True,False,True,False,False,False
Supply interruption (1-2 d),SITE__1440970945,2026-05-16,1,False,False,True,False,True,False,False,False,False,False,True,False,False,False
Rectifier efficiency loss (3-5 d),SITE__1732574443,2026-05-01,4,False,False,False,False,False,False,False,False,False,False,False,False,False,False
"Load drop (sector outage, 1-3 d)",SITE__1732574443,2026-03-12,2,True,False,False,False,True,False,False,False,True,False,True,False,False,False
Rectifier efficiency loss (3-5 d),SITE__2963054087,2026-03-31,3,False,False,False,False,False,False,False,False,False,False,False,False,False,False
Supply interruption (1-2 d),SITE__2963054087,2026-05-16,2,False,False,True,False,True,False,False,False,False,False,True,False,False,False
"Load drop (sector outage, 1-3 d)",SITE__1372785079,2026-04-18,3,True,False,False,False,True,False,False,False,True,False,True,False,False,False
Battery overheating (2-4 d),SITE__1372785079,2026-02-24,3,False,False,True,False,True,False,False,False,True,True,True,True,False,False
Battery overheating (2-4 d),SITE__2289626239,2026-04-21,4,False,False,False,False,False,False,False,False,False,False,False,False,False,False
"Load surge (non-RAN load, 1 d)",SITE__2289626239,2026-03-06,1,True,False,True,False,True,False,True,False,True,False,True,False,True,False
Rectifier efficiency loss (3-5 d),SITE__1869189125,2026-04-14,5,False,False,False,False,False,False,False,False,False,False,False,False,False,False
Supply interruption (1-2 d),SITE__1869189125,2026-02-28,1,True,True,True,False,True,True,True,False,False,False,True,False,False,False
"Load drop (sector outage, 1-3 d)",SITE__1686922835,2026-05-31,1,True,False,True,True,True,True,True,False,True,False,True,True,True,False
Rectifier efficiency loss (3-5 d),SITE__1686922835,2026-04-14,3,False,False,True,False,True,False,False,False,False,False,True,False,False,False
RAN meter drift (3-5 d),SITE__821935683,2026-05-05,3,False,False,True,False,True,False,False,False,False,False,True,False,False,False
"Load surge (non-RAN load, 1 d)",SITE__821935683,2026-03-02,1,True,False,True,False,True,False,True,False,True,False,True,False,True,False
"Load surge (non-RAN load, 1 d)",SITE__2011677519,2026-03-19,1,True,False,True,False,True,False,True,False,True,False,True,False,True,False
"Load surge (non-RAN load, 1 d)",SITE__2011677519,2026-05-25,1,True,False,True,False,True,False,True,False,True,False,True,False,True,False
"Load drop (sector outage, 1-3 d)",SITE__1186272715,2026-04-03,2,True,False,False,False,True,False,False,False,True,False,True,False,False,False
Supply interruption (1-2 d),SITE__1186272715,2026-05-25,2,False,False,True,False,True,False,False,False,False,False,True,False,False,False
Rectifier efficiency loss (3-5 d),SITE__1146875694,2026-04-30,4,False,False,False,False,False,False,False,False,False,False,False,False,False,False
"Load surge (non-RAN load, 1 d)",SITE__1146875694,2026-02-27,1,True,True,True,False,True,True,True,False,True,False,True,False,True,False
RAN meter drift (3-5 d),SITE__2468286789,2026-03-09,4,True,False,True,False,True,False,True,False,False,False,True,False,False,False
Supply interruption (1-2 d),SITE__2468286789,2026-05-11,2,False,False,True,False,True,False,False,False,False,False,True,False,False,False
RAN meter drift (3-5 d),SITE__1504667076,2026-05-11,5,False,False,True,True,True,True,False,False,False,False,True,True,False,False
Rectifier efficiency loss (3-5 d),SITE__1504667076,2026-02-27,4,False,False,True,True,True,True,False,False,False,False,True,True,False,False
RAN meter drift (3-5 d),SITE__2688732374,2026-03-24,3,True,True,True,False,True,True,True,False,True,True,True,True,True,False
RAN meter drift (3-5 d),SITE__2688732374,2026-05-21,3,True,False,True,True,True,True,True,False,True,False,True,True,True,False
"Load surge (non-RAN load, 1 d)",SITE__1587190394,2026-03-30,1,True,False,True,False,True,False,True,False,True,False,True,False,True,False
RAN meter drift (3-5 d),SITE__1587190394,2026-05-18,4,False,False,True,False,True,False,False,False,False,False,True,False,False,False
Battery overheating (2-4 d),SITE__1872285009,2026-03-17,2,False,False,True,False,True,False,False,False,False,False,True,False,False,False
"Load drop (sector outage, 1-3 d)",SITE__1872285009,2026-05-26,1,True,False,False,False,True,False,False,False,True,False,True,False,False,False
"Load surge (non-RAN load, 1 d)",SITE__623134869,2026-04-17,1,True,False,True,False,True,False,True,False,True,False,True,False,True,False
RAN meter drift (3-5 d),SITE__623134869,2026-02-27,3,False,True,True,False,True,True,False,False,False,False,True,False,False,False
"Load drop (sector outage, 1-3 d)",SITE__576533908,2026-05-07,2,True,False,False,False,True,False,False,False,True,False,True,False,False,False
RAN meter drift (3-5 d),SITE__576533908,2026-03-14,3,False,False,True,True,True,True,False,False,False,False,True,True,False,False
"Load surge (non-RAN load, 1 d)",SITE__1238125163,2026-05-24,1,True,False,True,False,True,False,True,False,True,False,True,False,True,False
"Load drop (sector outage, 1-3 d)",SITE__1238125163,2026-04-04,3,True,False,False,False,True,False,False,False,True,False,True,False,False,False
RAN meter drift (3-5 d),SITE__499326640,2026-05-01,3,False,False,True,False,True,False,False,False,False,False,True,False,False,False
Rectifier efficiency loss (3-5 d),SITE__499326640,2026-02-26,3,True,True,True,True,True,True,True,True,True,True,True,True,True,True
RAN meter drift (3-5 d),SITE__2236530373,2026-03-29,3,True,True,True,True,True,True,True,True,True,True,True,True,True,True
RAN meter drift (3-5 d),SITE__2236530373,2026-05-28,5,True,True,True,True,True,True,True,True,True,True,True,True,True,True
Battery overheating (2-4 d),SITE__787493319,2026-05-27,3,False,False,False,False,False,False,False,False,False,False,False,False,False,False
RAN meter drift (3-5 d),SITE__787493319,2026-03-11,4,False,False,True,False,True,False,False,False,False,False,True,False,False,False
Battery overheating (2-4 d),SITE__2586047632,2026-04-27,3,False,False,False,False,False,False,False,False,False,False,False,False,False,False
"Load surge (non-RAN load, 1 d)",SITE__2586047632,2026-02-28,1,True,False,True,False,True,False,True,False,True,False,True,False,True,False
Battery overheating (2-4 d),SITE__1419928741,2026-04-12,2,False,False,True,False,True,False,False,False,False,False,True,False,False,False
"Load drop (sector outage, 1-3 d)",SITE__1419928741,2026-05-28,1,True,False,False,False,True,False,False,False,True,False,True,False,False,False
"Load surge (non-RAN load, 1 d)",SITE__1127676204,2026-04-10,1,True,False,True,False,True,False,True,False,True,False,True,False,True,False
Battery overheating (2-4 d),SITE__1127676204,2026-06-02,4,False,False,True,False,True,False,False,False,False,False,True,False,False,False
Battery overheating (2-4 d),SITE__2742321349,2026-05-17,3,False,False,False,False,False,False,False,False,True,True,True,True,False,False
Rectifier efficiency loss (3-5 d),SITE__2742321349,2026-02-28,5,False,False,False,False,False,False,False,False,False,False,False,False,False,False
Supply interruption (1-2 d),SITE__437497435,2026-05-06,1,False,False,True,False,True,False,False,False,False,False,True,False,False,False
Battery overheating (2-4 d),SITE__437497435,2026-03-07,2,False,False,True,False,True,False,False,False,False,False,True,False,False,False
RAN meter drift (3-5 d),SITE__2656225828,2026-04-07,3,False,False,True,False,True,False,False,False,False,False,True,False,False,False
RAN meter drift (3-5 d),SITE__2656225828,2026-05-25,5,False,False,True,False,True,False,False,False,True,False,True,False,True,False
Battery overheating (2-4 d),SITE__1544564846,2026-02-25,2,False,False,False,False,False,False,False,False,False,False,False,False,False,False
"Load drop (sector outage, 1-3 d)",SITE__1544564846,2026-05-22,3,True,False,False,False,True,False,False,False,True,False,True,False,False,False
RAN meter drift (3-5 d),SITE__948457381,2026-06-03,4,False,False,True,False,True,False,False,False,False,False,True,False,False,False
Battery overheating (2-4 d),SITE__948457381,2026-03-11,2,False,False,True,False,True,False,False,False,False,False,True,False,False,False
RAN meter drift (3-5 d),SITE__752045384,2026-05-16,4,False,False,True,False,True,False,False,False,False,False,True,False,False,False
"Load drop (sector outage, 1-3 d)",SITE__752045384,2026-03-26,3,True,False,False,False,True,False,False,False,True,False,True,False,False,False
Rectifier efficiency loss (3-5 d),SITE__1026850743,2026-03-22,5,False,False,True,False,True,False,False,False,False,False,True,False,False,False
"Load surge (non-RAN load, 1 d)",SITE__1026850743,2026-05-26,1,True,False,False,False,True,False,False,False,True,False,True,False,False,False
Supply interruption (1-2 d),SITE__1705490233,2026-03-08,2,False,False,True,False,True,False,False,False,False,False,True,False,False,False
Battery overheating (2-4 d),SITE__1705490233,2026-05-20,3,False,False,True,False,True,False,False,False,False,False,True,False,False,False
Battery overheating (2-4 d),SITE__1709816037,2026-05-27,2,False,False,True,False,True,False,False,False,False,False,True,False,False,False
RAN meter drift (3-5 d),SITE__1709816037,2026-02-28,4,True,True,True,False,True,True,True,False,False,False,True,False,False,False
Rectifier efficiency loss (3-5 d),SITE__2210859296,2026-02-27,4,True,True,False,False,True,True,False,False,True,True,True,True,False,False
Supply interruption (1-2 d),SITE__2210859296,2026-05-28,1,False,False,True,False,True,False,False,False,False,False,True,False,False,False
Battery overheating (2-4 d),SITE__2496372031,2026-05-13,2,False,False,False,False,False,False,False,False,False,False,False,False,False,False
RAN meter drift (3-5 d),SITE__2496372031,2026-03-04,3,False,False,True,False,True,False,False,False,False,False,True,False,False,False
RAN meter drift (3-5 d),SITE__262255731,2026-03-10,4,False,False,True,False,True,False,False,False,False,False,True,False,False,False
Rectifier efficiency loss (3-5 d),SITE__262255731,2026-05-08,4,False,False,False,False,False,False,False,False,False,False,False,False,False,False
"Load surge (non-RAN load, 1 d)",SITE__2354115279,2026-04-10,1,True,False,True,False,True,False,True,False,True,False,True,False,True,False
"Load surge (non-RAN load, 1 d)",SITE__2354115279,2026-02-24,1,True,False,True,False,True,False,True,False,True,False,True,False,True,False
"Load surge (non-RAN load, 1 d)",SITE__2763387210,2026-05-19,1,True,False,True,False,True,False,True,False,True,False,True,False,True,False
Supply interruption (1-2 d),SITE__2763387210,2026-02-24,1,False,False,True,False,True,False,False,False,False,False,True,False,False,False
RAN meter drift (3-5 d),SITE__362650824,2026-05-25,3,True,True,True,False,True,True,True,False,True,True,True,True,True,False
"Load drop (sector outage, 1-3 d)",SITE__362650824,2026-03-19,2,True,True,False,False,True,True,False,False,True,True,True,True,False,False
"Load drop (sector outage, 1-3 d)",SITE__2266782770,2026-03-18,1,True,False,False,False,True,False,False,False,True,False,True,False,False,False
Battery overheating (2-4 d),SITE__2266782770,2026-05-31,3,False,False,False,False,False,False,False,False,False,False,False,False,False,False
"Load drop (sector outage, 1-3 d)",SITE__2914970114,2026-05-21,1,True,False,False,False,True,False,False,False,True,False,True,False,False,False
Rectifier efficiency loss (3-5 d),SITE__2914970114,2026-03-02,3,False,False,False,False,False,False,False,False,False,False,False,False,False,False
"Load drop (sector outage, 1-3 d)",SITE__2496835470,2026-04-08,1,True,False,False,False,True,False,False,False,True,False,True,False,False,False
Supply interruption (1-2 d),SITE__2496835470,2026-05-24,2,False,False,True,False,True,False,False,False,False,False,True,False,False,False
"Load surge (non-RAN load, 1 d)",SITE__244926742,2026-04-24,1,True,False,True,False,True,False,True,False,True,False,True,False,True,False
RAN meter drift (3-5 d),SITE__244926742,2026-02-24,5,False,True,True,False,True,True,False,False,False,False,True,False,False,False
"Load drop (sector outage, 1-3 d)",SITE__1033386609,2026-02-27,1,True,False,False,False,True,False,False,False,True,False,True,False,False,False
RAN meter drift (3-5 d),SITE__1033386609,2026-05-28,4,False,False,True,False,True,False,False,False,True,True,True,True,False,False
Rectifier efficiency loss (3-5 d),SITE__275694860,2026-05-05,4,False,False,False,False,False,False,False,False,False,False,False,False,False,False
RAN meter drift (3-5 d),SITE__275694860,2026-03-18,3,True,False,True,False,True,False,True,False,True,False,True,False,True,False
Supply interruption (1-2 d),SITE__1019317008,2026-05-20,1,False,False,True,False,True,False,False,False,False,False,True,False,False,False
Supply interruption (1-2 d),SITE__1019317008,2026-03-28,1,False,False,True,False,True,False,False,False,False,False,True,False,False,False
"Load surge (non-RAN load, 1 d)",SITE__2493994454,2026-05-05,1,True,False,True,False,True,False,True,False,True,False,True,False,True,False
RAN meter drift (3-5 d),SITE__2493994454,2026-03-07,5,False,False,True,False,True,False,False,False,False,False,True,False,False,False
"Load surge (non-RAN load, 1 d)",SITE__179067256,2026-05-20,1,True,False,True,False,True,False,True,False,True,False,True,False,True,False
RAN meter drift (3-5 d),SITE__179067256,2026-03-19,3,True,True,True,True,True,True,True,False,True,True,True,True,True,False
RAN meter drift (3-5 d),SITE__1430190088,2026-04-15,5,False,False,True,False,True,False,False,False,False,False,True,False,False,False
"Load drop (sector outage, 1-3 d)",SITE__1430190088,2026-06-02,2,True,False,False,False,True,False,False,False,True,False,True,False,False,False
"Load drop (sector outage, 1-3 d)",SITE__1960860666,2026-03-08,2,True,False,False,False,True,False,False,False,True,False,True,False,False,False
Battery overheating (2-4 d),SITE__1960860666,2026-05-22,4,False,False,True,False,True,False,False,False,False,False,True,False,False,False
Supply interruption (1-2 d),SITE__1621478945,2026-04-26,1,False,False,True,False,True,False,False,False,False,False,True,False,False,False
Rectifier efficiency loss (3-5 d),SITE__1621478945,2026-03-10,3,False,False,False,False,False,False,False,False,False,False,False,False,False,False
"Load drop (sector outage, 1-3 d)",SITE__382370623,2026-02-26,2,True,False,False,False,True,False,False,False,True,False,True,False,False,False
RAN meter drift (3-5 d),SITE__382370623,2026-05-11,4,True,False,True,False,True,False,True,False,True,False,True,False,True,False
Supply interruption (1-2 d),SITE__289074454,2026-05-31,2,False,False,True,False,True,False,False,False,False,False,True,False,False,False
RAN meter drift (3-5 d),SITE__289074454,2026-04-16,3,False,False,True,False,True,False,False,False,False,False,True,False,False,False
"Load surge (non-RAN load, 1 d)",SITE__1856611669,2026-03-23,1,True,False,True,True,True,True,True,False,True,False,True,True,True,False
Supply interruption (1-2 d),SITE__1856611669,2026-05-30,2,True,True,True,False,True,True,True,False,True,True,True,True,True,False
RAN meter drift (3-5 d),SITE__289675633,2026-06-03,3,False,False,True,False,True,False,False,False,False,False,True,False,False,False
Rectifier efficiency loss (3-5 d),SITE__289675633,2026-04-02,3,True,True,False,False,True,True,False,False,False,False,False,False,False,False
"Load drop (sector outage, 1-3 d)",SITE__556911972,2026-04-06,2,True,False,False,False,True,False,False,False,True,False,True,False,False,False
"Load surge (non-RAN load, 1 d)",SITE__556911972,2026-05-21,1,True,False,True,False,True,False,True,False,True,False,True,False,True,False
"Load surge (non-RAN load, 1 d)",SITE__2519037942,2026-04-07,1,True,False,True,False,True,False,True,False,True,False,True,False,True,False
Supply interruption (1-2 d),SITE__2519037942,2026-05-29,1,False,False,True,False,True,False,False,False,False,False,True,False,False,False
Battery overheating (2-4 d),SITE__2837887171,2026-05-15,2,False,False,False,False,False,False,False,False,False,False,False,False,False,False
Supply interruption (1-2 d),SITE__2837887171,2026-03-19,1,False,False,True,False,True,False,False,False,False,False,True,False,False,False
"Load surge (non-RAN load, 1 d)",SITE__1703647882,2026-02-25,1,True,False,True,False,True,False,True,False,True,False,True,False,True,False
"Load surge (non-RAN load, 1 d)",SITE__1703647882,2026-04-28,1,True,False,True,False,True,False,True,False,True,False,True,False,True,False
Supply interruption (1-2 d),SITE__2636879174,2026-05-28,1,False,False,True,False,True,False,False,False,False,False,True,False,False,False
Battery overheating (2-4 d),SITE__2636879174,2026-04-05,4,False,False,False,False,False,False,False,False,False,False,False,False,False,False
RAN meter drift (3-5 d),SITE__1563747709,2026-04-05,5,False,False,True,False,True,False,False,False,False,False,True,False,False,False
RAN meter drift (3-5 d),SITE__1569951282,2026-05-13,5,False,False,True,False,True,False,False,False,False,False,True,False,False,False
Battery overheating (2-4 d),SITE__1569951282,2026-02-28,4,False,False,True,False,True,False,False,False,False,False,True,False,False,False
"Load surge (non-RAN load, 1 d)",SITE__2968119434,2026-05-21,1,True,False,True,False,True,False,True,False,True,False,True,False,True,False
Battery overheating (2-4 d),SITE__2968119434,2026-03-20,4,False,False,False,False,False,False,False,False,False,False,False,False,False,False
RAN meter drift (3-5 d),SITE__484992722,2026-03-21,4,True,False,True,False,True,False,True,False,True,False,True,False,True,False
"Load drop (sector outage, 1-3 d)",SITE__1804448381,2026-05-30,1,True,False,False,False,True,False,False,False,True,False,True,False,False,False
"Load surge (non-RAN load, 1 d)",SITE__1804448381,2026-03-14,1,True,False,True,False,True,False,True,False,True,False,True,False,True,False
Supply interruption (1-2 d),SITE__1547646773,2026-04-17,1,False,False,True,False,True,False,False,False,False,False,True,False,False,False
"Load drop (sector outage, 1-3 d)",SITE__1547646773,2026-02-26,1,True,False,False,False,True,False,False,False,True,False,True,False,False,False
"Load surge (non-RAN load, 1 d)",SITE__1238097163,2026-02-24,1,True,False,False,False,True,False,False,False,True,False,True,False,False,False
Rectifier efficiency loss (3-5 d),SITE__1238097163,2026-05-03,5,False,False,False,False,False,False,False,False,False,False,False,False,False,False
"Load surge (non-RAN load, 1 d)",SITE__682953139,2026-05-13,1,True,True,True,False,True,True,True,False,True,True,True,True,True,False
Rectifier efficiency loss (3-5 d),SITE__682953139,2026-03-22,5,True,True,True,True,True,True,True,True,True,True,True,True,True,True
"Load drop (sector outage, 1-3 d)",SITE__2535071390,2026-03-03,1,True,False,False,False,True,False,False,False,True,False,True,False,False,False
Rectifier efficiency loss (3-5 d),SITE__2535071390,2026-05-13,3,False,False,False,False,False,False,False,False,False,False,False,False,False,False
Supply interruption (1-2 d),SITE__1082067042,2026-04-19,1,False,False,True,False,True,False,False,False,False,False,True,False,False,False
Rectifier efficiency loss (3-5 d),SITE__1082067042,2026-03-04,3,False,False,False,False,False,False,False,False,False,False,False,False,False,False
Rectifier efficiency loss (3-5 d),SITE__1667029227,2026-04-23,4,False,False,True,True,True,True,False,False,False,False,True,True,False,False
RAN meter drift (3-5 d),SITE__1667029227,2026-03-07,3,False,False,True,True,True,True,False,False,False,False,True,True,False,False
Rectifier efficiency loss (3-5 d),SITE__1770547922,2026-04-30,4,False,False,False,False,False,False,False,False,False,False,False,False,False,False
RAN meter drift (3-5 d),SITE__1770547922,2026-02-28,5,False,False,True,False,True,False,False,False,False,False,True,False,False,False
RAN meter drift (3-5 d),SITE__1447519408,2026-04-09,3,False,False,True,False,True,False,False,False,False,False,True,False,False,False
RAN meter drift (3-5 d),SITE__1447519408,2026-05-30,4,False,False,True,False,True,False,False,False,False,False,True,False,False,False
"Load surge (non-RAN load, 1 d)",SITE__1751393366,2026-04-02,1,True,False,True,False,True,False,True,False,True,False,True,False,True,False
Supply interruption (1-2 d),SITE__1751393366,2026-05-17,2,False,False,True,False,True,False,False,False,False,False,True,False,False,False
"Load surge (non-RAN load, 1 d)",SITE__1259827473,2026-04-30,1,True,False,True,False,True,False,True,False,True,False,True,False,True,False
RAN meter drift (3-5 d),SITE__1259827473,2026-02-27,3,False,False,True,False,True,False,False,False,False,False,True,False,False,False
Battery overheating (2-4 d),SITE__1242441056,2026-04-05,2,False,False,False,False,False,False,False,False,False,False,False,False,False,False
"Load surge (non-RAN load, 1 d)",SITE__1242441056,2026-05-23,1,True,False,True,False,True,False,True,False,True,False,True,False,True,False
Battery overheating (2-4 d),SITE__2094084564,2026-03-27,4,False,False,True,False,True,False,False,False,False,False,True,False,False,False
Supply interruption (1-2 d),SITE__2094084564,2026-05-26,2,False,False,True,False,True,False,False,False,False,False,True,False,False,False
"Load drop (sector outage, 1-3 d)",SITE__1703247670,2026-04-05,2,True,False,False,False,True,False,False,False,True,False,True,False,False,False
Battery overheating (2-4 d),SITE__1703247670,2026-05-29,3,False,False,False,False,False,False,False,False,False,False,False,False,False,False
Rectifier efficiency loss (3-5 d),SITE__2918456508,2026-04-24,3,False,False,False,False,False,False,False,False,False,False,False,False,False,False
RAN meter drift (3-5 d),SITE__2918456508,2026-03-02,4,True,False,True,False,True,False,True,False,True,False,True,False,True,False
"Load drop (sector outage, 1-3 d)",SITE__2053129981,2026-02-24,2,True,False,False,False,True,False,False,False,True,False,True,False,False,False
"Load drop (sector outage, 1-3 d)",SITE__2053129981,2026-06-02,3,True,False,False,False,True,False,False,False,True,False,True,False,False,False
Supply interruption (1-2 d),SITE__758747144,2026-04-27,1,False,False,True,False,True,False,False,False,False,False,True,False,False,False
Supply interruption (1-2 d),SITE__758747144,2026-03-09,2,False,False,True,False,True,False,False,False,True,True,True,True,True,False
Supply interruption (1-2 d),SITE__2861271030,2026-05-23,2,False,False,True,False,True,False,False,False,False,False,True,False,False,False
Supply interruption (1-2 d),SITE__2861271030,2026-03-11,2,False,False,True,False,True,False,False,False,False,False,True,False,False,False
Rectifier efficiency loss (3-5 d),SITE__711567152,2026-03-03,5,False,False,False,False,False,False,False,False,False,False,False,False,False,False
Rectifier efficiency loss (3-5 d),SITE__711567152,2026-05-02,4,False,False,True,False,True,False,False,False,True,True,True,True,False,False
RAN meter drift (3-5 d),SITE__254379634,2026-02-26,3,False,False,True,False,True,False,False,False,False,False,True,False,False,False
Battery overheating (2-4 d),SITE__254379634,2026-04-18,2,False,False,True,False,True,False,False,False,False,False,True,False,False,False
Rectifier efficiency loss (3-5 d),SITE__2751627438,2026-03-08,5,False,False,False,False,False,False,False,False,False,False,False,False,False,False
Battery overheating (2-4 d),SITE__2751627438,2026-05-22,2,False,False,True,True,True,True,False,False,False,False,True,True,False,False
Battery overheating (2-4 d),SITE__1341017714,2026-03-08,2,False,False,True,False,True,False,False,False,False,False,True,False,False,False
Battery overheating (2-4 d),SITE__1341017714,2026-05-01,3,False,False,True,False,True,False,False,False,False,False,True,False,False,False
RAN meter drift (3-5 d),SITE__2419672080,2026-03-24,3,False,False,True,False,True,False,False,False,True,True,True,True,True,False
Rectifier efficiency loss (3-5 d),SITE__2419672080,2026-05-15,4,False,False,False,False,False,False,False,False,False,False,False,False,False,False
"Load surge (non-RAN load, 1 d)",SITE__1140915106,2026-06-01,1,True,False,True,False,True,False,True,False,True,False,True,False,True,False
Supply interruption (1-2 d),SITE__1140915106,2026-04-17,2,False,False,True,False,True,False,False,False,False,False,True,False,False,False
RAN meter drift (3-5 d),SITE__268381251,2026-05-16,3,True,False,True,False,True,False,True,False,True,False,True,False,True,False
Battery overheating (2-4 d),SITE__268381251,2026-03-10,2,False,False,True,False,True,False,False,False,False,False,True,False,False,False
Battery overheating (2-4 d),SITE__2346536084,2026-05-19,3,False,False,False,False,False,False,False,False,False,False,False,False,False,False
Battery overheating (2-4 d),SITE__2346536084,2026-03-16,2,False,False,False,False,False,False,False,False,False,False,False,False,False,False
"Load drop (sector outage, 1-3 d)",SITE__2024139722,2026-05-12,3,True,False,True,True,True,True,True,False,True,False,True,True,True,False
Supply interruption (1-2 d),SITE__2024139722,2026-02-26,1,False,False,False,True,False,True,False,False,False,False,False,True,False,False
RAN meter drift (3-5 d),SITE__2594563115,2026-05-23,3,False,False,True,False,True,False,False,False,False,False,True,False,False,False
Supply interruption (1-2 d),SITE__2594563115,2026-03-16,1,False,False,True,False,True,False,False,False,False,False,True,False,False,False
Supply interruption (1-2 d),SITE__459063828,2026-04-09,2,False,False,True,True,True,True,False,False,False,False,True,True,False,False
Battery overheating (2-4 d),SITE__459063828,2026-05-28,3,False,False,True,False,True,False,False,False,False,False,True,False,False,False
Supply interruption (1-2 d),SITE__233734699,2026-04-27,1,False,False,True,False,True,False,False,False,False,False,True,False,False,False
RAN meter drift (3-5 d),SITE__233734699,2026-03-05,4,True,False,True,False,True,False,True,False,True,False,True,False,True,False
RAN meter drift (3-5 d),SITE__2281793601,2026-03-10,3,False,False,True,False,True,False,False,False,False,False,True,False,False,False
Battery overheating (2-4 d),SITE__2281793601,2026-05-01,2,False,False,True,True,True,True,False,False,True,True,True,True,True,True
Battery overheating (2-4 d),SITE__2861873856,2026-04-20,2,False,False,True,False,True,False,False,False,False,False,True,False,False,False
RAN meter drift (3-5 d),SITE__2861873856,2026-03-02,4,True,False,True,False,True,False,True,False,True,False,True,False,True,False
Battery overheating (2-4 d),SITE__2899176450,2026-05-04,3,False,False,True,False,True,False,False,False,False,False,True,False,False,False
RAN meter drift (3-5 d),SITE__2899176450,2026-02-28,4,False,False,True,False,True,False,False,False,True,True,True,True,True,False
Supply interruption (1-2 d),SITE__2308243910,2026-05-27,1,False,False,True,False,True,False,False,False,False,False,True,False,False,False
RAN meter drift (3-5 d),SITE__2308243910,2026-02-28,4,True,True,True,False,True,True,True,False,False,False,True,False,False,False
Supply interruption (1-2 d),SITE__399116312,2026-05-21,2,False,False,True,False,True,False,False,False,False,False,True,False,False,False
"Load surge (non-RAN load, 1 d)",SITE__399116312,2026-03-14,1,True,False,True,False,True,False,True,False,True,False,True,False,True,False
Rectifier efficiency loss (3-5 d),SITE__1696993439,2026-04-26,3,False,False,False,False,False,False,False,False,False,False,False,False,False,False
RAN meter drift (3-5 d),SITE__1696993439,2026-03-05,4,False,False,True,False,True,False,False,False,False,False,True,False,False,False
"Load surge (non-RAN load, 1 d)",SITE__1435825498,2026-05-26,1,True,False,True,False,True,False,True,False,True,False,True,False,True,False
Battery overheating (2-4 d),SITE__1435825498,2026-03-17,2,False,False,True,False,True,False,False,False,False,False,True,False,False,False
Supply interruption (1-2 d),SITE__233960822,2026-04-08,1,False,False,True,False,True,False,False,False,False,False,True,False,False,False
Supply interruption (1-2 d),SITE__233960822,2026-05-23,1,False,False,True,False,True,False,False,False,False,False,True,False,False,False
Rectifier efficiency loss (3-5 d),SITE__2955038010,2026-04-24,4,False,False,False,False,False,False,False,False,False,False,False,False,False,False
Battery overheating (2-4 d),SITE__2955038010,2026-03-05,4,False,False,True,False,True,False,False,False,False,False,True,False,False,False
Battery overheating (2-4 d),SITE__1213188511,2026-05-26,3,False,False,True,False,True,False,False,False,False,False,True,False,False,False
"Load surge (non-RAN load, 1 d)",SITE__1213188511,2026-03-16,1,True,False,True,False,True,False,True,False,True,False,True,False,True,False
"Load drop (sector outage, 1-3 d)",SITE__2040150073,2026-04-28,3,True,False,False,False,True,False,False,False,True,False,True,False,False,False
Battery overheating (2-4 d),SITE__2040150073,2026-03-01,3,False,False,True,False,True,False,False,False,False,False,True,False,False,False
"Load surge (non-RAN load, 1 d)",SITE__650062933,2026-03-16,1,True,False,True,False,True,False,True,False,True,False,True,False,True,False
RAN meter drift (3-5 d),SITE__650062933,2026-06-02,4,True,False,True,False,True,False,True,False,True,False,True,False,True,False
"Load surge (non-RAN load, 1 d)",SITE__18495905,2026-05-22,1,True,False,True,False,True,False,True,False,True,False,True,False,True,False
Battery overheating (2-4 d),SITE__18495905,2026-02-28,2,True,True,True,False,True,True,True,False,True,True,True,True,True,False
Battery overheating (2-4 d),SITE__190128532,2026-05-23,3,False,False,False,False,False,False,False,False,False,False,False,False,False,False
Battery overheating (2-4 d),SITE__190128532,2026-03-06,3,False,False,False,False,False,False,False,False,False,False,False,False,False,False
"Load drop (sector outage, 1-3 d)",SITE__1469039210,2026-02-25,3,True,True,True,True,True,True,True,True,True,True,True,True,True,True
RAN meter drift (3-5 d),SITE__138340734,2026-05-14,4,True,False,True,False,True,False,True,False,False,False,True,False,False,False
Supply interruption (1-2 d),SITE__138340734,2026-03-10,1,False,False,True,False,True,False,False,False,False,False,True,False,False,False
Supply interruption (1-2 d),SITE__932040327,2026-05-22,1,False,False,True,False,True,False,False,False,False,False,True,False,False,False
Rectifier efficiency loss (3-5 d),SITE__932040327,2026-03-12,4,False,False,False,False,False,False,False,False,False,False,False,False,False,False
Supply interruption (1-2 d),SITE__960060970,2026-03-08,1,False,False,True,True,True,True,False,False,True,True,True,True,True,True
Supply interruption (1-2 d),SITE__960060970,2026-05-13,1,False,False,True,True,True,True,False,False,False,False,True,True,False,False
RAN meter drift (3-5 d),SITE__2071191897,2026-03-13,3,False,False,True,False,True,False,False,False,False,False,True,False,False,False
Supply interruption (1-2 d),SITE__2071191897,2026-05-22,1,False,False,True,False,True,False,False,False,False,False,True,False,False,False
Supply interruption (1-2 d),SITE__308979097,2026-03-08,2,False,False,True,False,True,False,False,False,False,False,True,False,False,False
"Load surge (non-RAN load, 1 d)",SITE__308979097,2026-05-11,1,True,False,True,False,True,False,True,False,True,False,True,False,True,False
Rectifier efficiency loss (3-5 d),SITE__2560885848,2026-02-28,5,True,True,False,False,True,True,False,False,False,False,False,False,False,False
Rectifier efficiency loss (3-5 d),SITE__2560885848,2026-04-19,3,False,False,False,False,False,False,False,False,False,False,False,False,False,False
"Load surge (non-RAN load, 1 d)",SITE__2028818137,2026-03-07,1,True,False,True,False,True,False,True,False,True,False,True,False,True,False
Battery overheating (2-4 d),SITE__2028818137,2026-05-23,3,False,False,True,False,True,False,False,False,False,False,True,False,False,False
RAN meter drift (3-5 d),SITE__1257544252,2026-04-18,4,True,False,True,False,True,False,True,False,True,False,True,False,True,False
Battery overheating (2-4 d),SITE__1257544252,2026-02-25,4,True,True,False,False,True,True,False,False,False,False,False,False,False,False
RAN meter drift (3-5 d),SITE__1136957644,2026-04-16,4,False,False,True,False,True,False,False,False,False,False,True,False,False,False
RAN meter drift (3-5 d),SITE__1136957644,2026-06-01,3,False,False,True,False,True,False,False,False,True,False,True,False,True,False
"Load drop (sector outage, 1-3 d)",SITE__1692779375,2026-05-24,1,True,False,True,True,True,True,True,False,True,False,True,True,True,False
Rectifier efficiency loss (3-5 d),SITE__1692779375,2026-03-24,3,False,False,True,True,True,True,False,False,False,False,True,True,False,False
Supply interruption (1-2 d),SITE__2369915046,2026-05-20,2,True,True,True,False,True,True,True,False,True,True,True,True,True,False
Rectifier efficiency loss (3-5 d),SITE__2369915046,2026-03-26,5,True,True,True,True,True,True,True,True,True,True,True,True,True,True
Supply interruption (1-2 d),SITE__1602357462,2026-05-28,2,True,True,True,False,True,True,True,False,False,False,True,False,False,False
RAN meter drift (3-5 d),SITE__1602357462,2026-02-28,5,True,True,True,False,True,True,True,False,True,False,True,False,True,False
Battery overheating (2-4 d),SITE__1425473394,2026-05-08,3,False,False,True,False,True,False,False,False,False,False,True,False,False,False
"Load drop (sector outage, 1-3 d)",SITE__1425473394,2026-03-02,2,True,False,False,False,True,False,False,False,True,False,True,False,False,False
"Load surge (non-RAN load, 1 d)",SITE__1087256036,2026-04-26,1,True,False,True,False,True,False,True,False,True,False,True,False,True,False
Battery overheating (2-4 d),SITE__1087256036,2026-02-25,4,True,True,True,False,True,True,True,False,True,True,True,True,True,False
"Load surge (non-RAN load, 1 d)",SITE__2235696326,2026-04-08,1,True,False,True,False,True,False,True,False,True,False,True,False,True,False
"Load drop (sector outage, 1-3 d)",SITE__2235696326,2026-05-30,3,True,False,False,False,True,False,False,False,True,False,True,False,False,False
Rectifier efficiency loss (3-5 d),SITE__729086918,2026-04-11,4,False,False,False,False,False,False,False,False,False,False,False,False,False,False
Battery overheating (2-4 d),SITE__729086918,2026-05-29,4,False,False,False,False,False,False,False,False,False,False,False,False,False,False
Rectifier efficiency loss (3-5 d),SITE__519865077,2026-04-26,5,False,False,False,False,False,False,False,False,False,False,False,False,False,False
Rectifier efficiency loss (3-5 d),SITE__519865077,2026-03-02,4,False,False,False,False,False,False,False,False,False,False,False,False,False,False
Supply interruption (1-2 d),SITE__2883054812,2026-03-02,2,False,False,True,False,True,False,False,False,False,False,True,False,False,False
RAN meter drift (3-5 d),SITE__2883054812,2026-04-16,5,False,False,True,True,True,True,False,False,False,False,True,True,False,False
Supply interruption (1-2 d),SITE__478629764,2026-05-21,2,False,False,True,False,True,False,False,False,False,False,True,False,False,False
"Load drop (sector outage, 1-3 d)",SITE__478629764,2026-03-07,2,True,False,False,False,True,False,False,False,True,False,True,False,False,False
Rectifier efficiency loss (3-5 d),SITE__2275839559,2026-03-25,3,False,False,False,False,False,False,False,False,False,False,False,False,False,False
Supply interruption (1-2 d),SITE__2275839559,2026-05-16,1,False,False,True,False,True,False,False,False,False,False,True,False,False,False
"Load surge (non-RAN load, 1 d)",SITE__265580370,2026-04-30,1,True,False,True,False,True,False,True,False,True,False,True,False,True,False
Supply interruption (1-2 d),SITE__265580370,2026-02-25,1,False,False,True,False,True,False,False,False,False,False,True,False,False,False
Battery overheating (2-4 d),SITE__754534633,2026-04-06,2,False,False,True,False,True,False,False,False,False,False,True,False,False,False
Supply interruption (1-2 d),SITE__754534633,2026-05-21,1,False,False,True,False,True,False,False,False,False,False,True,False,False,False
Rectifier efficiency loss (3-5 d),SITE__1451885733,2026-05-25,5,False,False,False,False,False,False,False,False,False,False,False,False,False,False
"Load drop (sector outage, 1-3 d)",SITE__1451885733,2026-03-06,3,True,False,False,False,True,False,False,False,True,False,True,False,False,False
Supply interruption (1-2 d),SITE__2045290626,2026-05-22,2,False,False,True,False,True,False,False,False,False,False,True,False,False,False
RAN meter drift (3-5 d),SITE__2045290626,2026-03-22,5,True,True,True,False,True,True,True,False,True,False,True,False,True,False
"Load surge (non-RAN load, 1 d)",SITE__2327771014,2026-04-01,1,True,False,True,False,True,False,True,False,True,False,True,False,True,False
"Load drop (sector outage, 1-3 d)",SITE__2327771014,2026-05-22,1,True,False,False,False,True,False,False,False,True,False,True,False,False,False
RAN meter drift (3-5 d),SITE__2091273937,2026-04-05,4,True,False,True,False,True,False,True,False,True,False,True,False,True,False
Rectifier efficiency loss (3-5 d),SITE__2091273937,2026-06-02,4,True,True,False,False,True,True,False,False,True,True,True,True,False,False
RAN meter drift (3-5 d),SITE__816252389,2026-03-19,4,True,True,True,False,True,True,True,False,True,True,True,True,True,False
"Load drop (sector outage, 1-3 d)",SITE__816252389,2026-05-25,2,True,True,False,False,True,True,False,False,True,True,True,True,False,False
Battery overheating (2-4 d),SITE__246258518,2026-03-03,2,False,False,True,False,True,False,False,False,False,False,True,False,False,False
RAN meter drift (3-5 d),SITE__246258518,2026-05-08,3,False,False,True,False,True,False,False,False,False,False,True,False,False,False
Supply interruption (1-2 d),SITE__150576924,2026-03-31,1,False,False,True,False,True,False,False,False,False,False,True,False,False,False
RAN meter drift (3-5 d),SITE__150576924,2026-05-20,4,False,False,True,False,True,False,False,False,False,False,True,False,False,False
RAN meter drift (3-5 d),SITE__1260537486,2026-04-27,4,True,False,True,False,True,False,True,False,True,False,True,False,True,False
"Load surge (non-RAN load, 1 d)",SITE__1260537486,2026-02-27,1,True,False,True,False,True,False,True,False,True,False,True,False,True,False
RAN meter drift (3-5 d),SITE__2452538585,2026-05-25,4,True,False,True,False,True,False,True,False,True,False,True,False,True,False
"Load drop (sector outage, 1-3 d)",SITE__2452538585,2026-03-05,2,True,False,False,False,True,False,False,False,True,False,True,False,False,False
Rectifier efficiency loss (3-5 d),SITE__344358271,2026-05-25,4,False,False,False,False,False,False,False,False,False,False,False,False,False,False
"Load drop (sector outage, 1-3 d)",SITE__344358271,2026-03-03,3,True,False,False,False,True,False,False,False,True,False,True,False,False,False
Battery overheating (2-4 d),SITE__2807327061,2026-05-04,2,False,False,True,False,True,False,False,False,False,False,True,False,False,False
"Load drop (sector outage, 1-3 d)",SITE__2807327061,2026-03-17,1,True,False,False,False,True,False,False,False,True,False,True,False,False,False
"Load drop (sector outage, 1-3 d)",SITE__952838990,2026-03-30,3,True,True,False,False,True,True,False,False,True,False,True,False,False,False
"Load surge (non-RAN load, 1 d)",SITE__952838990,2026-05-15,1,True,False,True,False,True,False,True,False,True,False,True,False,True,False
Rectifier efficiency loss (3-5 d),SITE__2550965891,2026-05-20,4,False,False,False,False,False,False,False,False,False,False,False,False,False,False
Supply interruption (1-2 d),SITE__2550965891,2026-03-20,2,True,True,True,False,True,True,True,False,False,False,True,False,False,False
Battery overheating (2-4 d),SITE__2155561781,2026-05-08,2,False,False,True,False,True,False,False,False,False,False,True,False,False,False
Supply interruption (1-2 d),SITE__2155561781,2026-03-07,1,False,False,True,False,True,False,False,False,False,False,True,False,False,False
Supply interruption (1-2 d),SITE__1567233721,2026-03-03,2,False,False,True,False,True,False,False,False,False,False,True,False,False,False
RAN meter drift (3-5 d),SITE__1567233721,2026-05-27,3,False,False,True,False,True,False,False,False,False,False,True,False,False,False
Rectifier efficiency loss (3-5 d),SITE__2997129246,2026-05-12,3,False,False,False,False,False,False,False,False,False,False,False,False,False,False
Rectifier efficiency loss (3-5 d),SITE__2997129246,2026-03-03,4,False,False,False,False,False,False,False,False,False,False,False,False,False,False
"Load surge (non-RAN load, 1 d)",SITE__543497554,2026-04-12,1,True,False,True,False,True,False,True,False,True,False,True,False,True,False
Rectifier efficiency loss (3-5 d),SITE__543497554,2026-02-24,3,False,False,False,False,False,False,False,False,False,False,False,False,False,False
"Load surge (non-RAN load, 1 d)",SITE__2250246766,2026-05-23,1,True,True,True,False,True,True,True,False,True,True,True,True,True,False
Battery overheating (2-4 d),SITE__2250246766,2026-04-02,2,True,True,True,False,True,True,True,False,True,True,True,True,True,False
"Load drop (sector outage, 1-3 d)",SITE__1831783960,2026-02-24,2,True,False,False,False,True,False,False,False,True,True,True,True,False,False
"Load surge (non-RAN load, 1 d)",SITE__1831783960,2026-04-13,1,True,False,False,False,True,False,False,False,True,False,True,False,False,False
Supply interruption (1-2 d),SITE__113635352,2026-05-31,1,False,False,True,False,True,False,False,False,False,False,True,False,False,False
Supply interruption (1-2 d),SITE__113635352,2026-04-11,1,False,False,True,False,True,False,False,False,False,False,True,False,False,False
Rectifier efficiency loss (3-5 d),SITE__1206318275,2026-03-27,3,False,False,False,False,False,False,False,False,False,False,False,False,False,False
Battery overheating (2-4 d),SITE__1206318275,2026-05-31,4,False,False,True,False,True,False,False,False,False,False,True,False,False,False
"Load surge (non-RAN load, 1 d)",SITE__2201093113,2026-04-05,1,True,False,False,False,True,False,False,False,True,False,True,False,False,False
Rectifier efficiency loss (3-5 d),SITE__2201093113,2026-05-27,5,False,False,False,False,False,False,False,False,False,False,False,False,False,False
RAN meter drift (3-5 d),SITE__454978820,2026-05-31,5,False,False,True,False,True,False,False,False,True,False,True,False,True,False
Rectifier efficiency loss (3-5 d),SITE__454978820,2026-03-30,4,False,False,False,False,False,False,False,False,False,False,False,False,False,False
RAN meter drift (3-5 d),SITE__898283683,2026-05-15,3,False,False,True,False,True,False,False,False,False,False,True,False,False,False
"Load surge (non-RAN load, 1 d)",SITE__898283683,2026-03-31,1,True,False,True,False,True,False,True,False,True,False,True,False,True,False
Supply interruption (1-2 d),SITE__1927790852,2026-03-30,1,False,False,True,False,True,False,False,False,False,False,True,False,False,False
"Load surge (non-RAN load, 1 d)",SITE__1927790852,2026-05-22,1,True,False,True,False,True,False,True,False,True,False,True,False,True,False
Battery overheating (2-4 d),SITE__2826243624,2026-05-08,3,False,False,False,False,False,False,False,False,False,False,False,False,False,False
Supply interruption (1-2 d),SITE__2826243624,2026-03-15,1,False,False,True,False,True,False,False,False,False,False,True,False,False,False
RAN meter drift (3-5 d),SITE__2819343618,2026-05-19,3,False,False,True,False,True,False,False,False,False,False,True,False,False,False
Battery overheating (2-4 d),SITE__2819343618,2026-03-23,3,False,False,True,False,True,False,False,False,False,False,True,False,False,False
"Load surge (non-RAN load, 1 d)",SITE__466518250,2026-05-12,1,True,False,True,False,True,False,True,False,True,False,True,False,True,False
RAN meter drift (3-5 d),SITE__466518250,2026-02-26,3,False,False,True,False,True,False,False,False,False,False,True,False,False,False
Supply interruption (1-2 d),SITE__230381745,2026-02-25,2,False,False,True,False,True,False,False,False,False,False,True,False,False,False
RAN meter drift (3-5 d),SITE__230381745,2026-05-10,4,False,False,True,False,True,False,False,False,True,False,True,False,True,False
RAN meter drift (3-5 d),SITE__203289829,2026-04-17,3,False,False,True,False,True,False,False,False,False,False,True,False,False,False
RAN meter drift (3-5 d),SITE__203289829,2026-06-02,5,False,False,True,False,True,False,False,False,False,False,True,False,False,False
"Load surge (non-RAN load, 1 d)",SITE__1180532856,2026-05-11,1,True,False,True,False,True,False,True,False,True,False,True,False,True,False
Battery overheating (2-4 d),SITE__1180532856,2026-03-04,4,False,False,True,True,True,True,False,False,False,False,True,True,False,False
Rectifier efficiency loss (3-5 d),SITE__2544098400,2026-03-30,4,False,False,False,False,False,False,False,False,False,False,False,False,False,False
"Load surge (non-RAN load, 1 d)",SITE__2544098400,2026-05-30,1,True,False,True,False,True,False,True,False,True,False,True,False,True,False
"Load drop (sector outage, 1-3 d)",SITE__609659676,2026-05-26,2,True,False,False,False,True,False,False,False,True,False,True,False,False,False
Battery overheating (2-4 d),SITE__609659676,2026-03-07,4,False,False,True,False,True,False,False,False,False,False,True,False,False,False
"Load drop (sector outage, 1-3 d)",SITE__2448013030,2026-05-30,3,True,False,False,False,True,False,False,False,True,False,True,False,False,False
"Load drop (sector outage, 1-3 d)",SITE__2448013030,2026-03-30,2,True,False,False,False,True,False,False,False,True,False,True,False,False,False
"Load drop (sector outage, 1-3 d)",SITE__1015111853,2026-04-04,2,True,False,False,False,True,False,False,False,True,False,True,False,False,False
"Load surge (non-RAN load, 1 d)",SITE__1015111853,2026-05-31,1,True,True,True,False,True,True,True,False,True,True,True,True,True,False
RAN meter drift (3-5 d),SITE__1364631704,2026-04-30,4,False,False,True,False,True,False,False,False,False,False,True,False,False,False
Rectifier efficiency loss (3-5 d),SITE__1364631704,2026-03-16,4,False,False,False,False,False,False,False,False,False,False,False,False,False,False
RAN meter drift (3-5 d),SITE__1912951790,2026-02-28,5,True,False,True,False,True,False,True,False,True,True,True,True,True,False
RAN meter drift (3-5 d),SITE__1912951790,2026-06-01,5,False,False,True,False,True,False,False,False,True,False,True,False,True,False
Battery overheating (2-4 d),SITE__1780667408,2026-04-12,4,False,False,True,False,True,False,False,False,False,False,True,False,False,False
RAN meter drift (3-5 d),SITE__1780667408,2026-05-30,5,True,False,True,False,True,False,True,False,True,False,True,False,True,False
Battery overheating (2-4 d),SITE__1051145572,2026-05-09,3,False,False,True,False,True,False,False,False,False,False,True,False,False,False
RAN meter drift (3-5 d),SITE__1051145572,2026-03-02,3,True,False,True,False,True,False,True,False,False,False,True,False,False,False
"Load drop (sector outage, 1-3 d)",SITE__2164943560,2026-02-25,2,True,False,False,False,True,False,False,False,True,True,True,True,False,False
Battery overheating (2-4 d),SITE__2801619193,2026-04-08,3,False,False,False,False,False,False,False,False,False,False,False,False,False,False
Battery overheating (2-4 d),SITE__2801619193,2026-06-01,4,False,False,True,False,True,False,False,False,False,False,True,False,False,False
Supply interruption (1-2 d),SITE__66057652,2026-05-18,2,False,False,True,False,True,False,False,False,False,False,True,False,False,False
"Load drop (sector outage, 1-3 d)",SITE__66057652,2026-03-22,1,True,False,False,False,True,False,False,False,True,False,True,False,False,False
Battery overheating (2-4 d),SITE__673791134,2026-03-02,3,False,False,False,False,False,False,False,False,False,False,False,False,False,False
Battery overheating (2-4 d),SITE__673791134,2026-05-10,4,False,False,False,False,False,False,False,False,False,False,False,False,False,False
"Load surge (non-RAN load, 1 d)",SITE__2829395511,2026-04-20,1,True,False,True,False,True,False,True,False,True,False,True,False,True,False
Supply interruption (1-2 d),SITE__2829395511,2026-03-05,2,False,False,True,False,True,False,False,False,False,False,True,False,False,False
RAN meter drift (3-5 d),SITE__1124756318,2026-05-20,5,False,False,True,False,True,False,False,False,False,False,True,False,False,False
"Load drop (sector outage, 1-3 d)",SITE__1124756318,2026-02-25,2,True,False,False,False,True,False,False,False,True,False,True,False,False,False
Rectifier efficiency loss (3-5 d),SITE__228769996,2026-04-01,4,False,False,False,False,False,False,False,False,False,False,False,False,False,False
"Load surge (non-RAN load, 1 d)",SITE__228769996,2026-05-18,1,True,False,True,False,True,False,True,False,True,False,True,False,True,False
Battery overheating (2-4 d),SITE__1541518446,2026-03-04,3,False,False,True,False,True,False,False,False,False,False,True,False,False,False
"Load drop (sector outage, 1-3 d)",SITE__1541518446,2026-04-18,2,True,False,False,False,True,False,False,False,True,False,True,False,False,False
"Load surge (non-RAN load, 1 d)",SITE__2910922838,2026-03-31,1,True,False,False,False,True,False,False,False,True,False,True,False,False,False
Battery overheating (2-4 d),SITE__2910922838,2026-05-24,2,False,False,False,False,False,False,False,False,False,False,False,False,False,False
Supply interruption (1-2 d),SITE__2492927745,2026-02-25,2,True,True,True,True,True,True,True,True,True,True,True,True,True,True
Supply interruption (1-2 d),SITE__2454080157,2026-04-23,1,False,False,True,False,True,False,False,False,False,False,True,False,False,False
RAN meter drift (3-5 d),SITE__2454080157,2026-03-08,5,False,False,True,False,True,False,False,False,False,False,True,False,False,False
Battery overheating (2-4 d),SITE__184375003,2026-03-03,4,True,True,True,False,True,True,True,False,False,False,True,False,False,False
"Load drop (sector outage, 1-3 d)",SITE__184375003,2026-05-18,1,True,False,False,False,True,False,False,False,True,False,True,False,False,False
"Load drop (sector outage, 1-3 d)",SITE__1097117824,2026-05-17,2,True,False,False,False,True,False,False,False,True,False,True,False,False,False
RAN meter drift (3-5 d),SITE__1097117824,2026-02-24,3,True,True,True,True,True,True,True,True,False,True,True,True,False,True
RAN meter drift (3-5 d),SITE__1360593859,2026-05-27,3,False,False,True,False,True,False,False,False,False,False,True,False,False,False
Rectifier efficiency loss (3-5 d),SITE__1360593859,2026-03-10,5,False,False,False,False,False,False,False,False,False,False,False,False,False,False
Supply interruption (1-2 d),SITE__2264052586,2026-04-19,2,False,False,True,False,True,False,False,False,False,False,True,False,False,False
RAN meter drift (3-5 d),SITE__2264052586,2026-02-27,3,False,False,True,False,True,False,False,False,False,False,True,False,False,False
Supply interruption (1-2 d),SITE__1340122492,2026-03-16,1,False,False,True,False,True,False,False,False,False,False,True,False,False,False
Rectifier efficiency loss (3-5 d),SITE__1340122492,2026-05-13,5,False,False,False,False,False,False,False,False,False,False,False,False,False,False
Supply interruption (1-2 d),SITE__2443451842,2026-03-09,1,False,False,True,False,True,False,False,False,False,False,True,False,False,False
"Load surge (non-RAN load, 1 d)",SITE__2443451842,2026-04-24,1,True,False,True,False,True,False,True,False,True,False,True,False,True,False
"Load surge (non-RAN load, 1 d)",SITE__1854384970,2026-03-09,1,True,False,True,False,True,False,True,False,True,False,True,False,True,False
Battery overheating (2-4 d),SITE__1854384970,2026-05-07,2,False,False,False,False,False,False,False,False,False,False,False,False,False,False
RAN meter drift (3-5 d),SITE__2957567554,2026-03-09,5,True,False,True,False,True,False,True,False,True,False,True,False,True,False
Supply interruption (1-2 d),SITE__2957567554,2026-05-15,1,False,False,True,False,True,False,False,False,False,False,True,False,False,False
RAN meter drift (3-5 d),SITE__52865357,2026-04-10,4,True,False,True,True,True,True,True,False,True,True,True,True,True,True
Supply interruption (1-2 d),SITE__52865357,2026-06-02,1,False,False,True,False,True,False,False,False,False,False,True,False,False,False
"Load drop (sector outage, 1-3 d)",SITE__11151012,2026-05-07,2,True,False,True,True,True,True,True,False,True,False,True,True,True,False
"Load surge (non-RAN load, 1 d)",SITE__11151012,2026-03-02,1,True,False,True,False,True,False,True,False,True,False,True,False,True,False
Rectifier efficiency loss (3-5 d),SITE__989120661,2026-04-16,4,False,False,True,True,True,True,False,False,False,False,True,True,False,False
Battery overheating (2-4 d),SITE__989120661,2026-02-27,2,True,True,False,False,True,True,False,False,False,False,False,False,False,False
"Load drop (sector outage, 1-3 d)",SITE__2531974910,2026-04-02,1,True,False,True,True,True,True,True,False,True,False,True,True,True,False
Battery overheating (2-4 d),SITE__2531974910,2026-06-02,2,True,True,True,True,True,True,True,True,True,True,True,True,True,True
Supply interruption (1-2 d),SITE__1594634575,2026-04-02,2,False,False,True,False,True,False,False,False,False,False,True,False,False,False
"Load drop (sector outage, 1-3 d)",SITE__1477846431,2026-04-27,1,True,False,False,False,True,False,False,False,True,False,True,False,False,False
"Load surge (non-RAN load, 1 d)",SITE__1477846431,2026-03-08,1,True,False,True,False,True,False,True,False,True,False,True,False,True,False
"Load surge (non-RAN load, 1 d)",SITE__2481751653,2026-04-02,1,True,False,True,False,True,False,True,False,True,False,True,False,True,False
Battery overheating (2-4 d),SITE__2481751653,2026-05-23,3,False,False,True,False,True,False,False,False,False,False,True,False,False,False
"Load surge (non-RAN load, 1 d)",SITE__71742590,2026-05-01,1,True,False,True,False,True,False,True,False,True,False,True,False,True,False
RAN meter drift (3-5 d),SITE__71742590,2026-03-01,4,True,False,True,False,True,False,True,False,True,False,True,False,True,False
"Load drop (sector outage, 1-3 d)",SITE__2851140475,2026-06-01,3,True,False,False,False,True,False,False,False,True,False,True,False,False,False
RAN meter drift (3-5 d),SITE__2851140475,2026-04-11,5,True,False,True,False,True,False,True,False,True,False,True,False,True,False
"Load drop (sector outage, 1-3 d)",SITE__2990522573,2026-04-12,3,True,False,False,False,True,False,False,False,True,False,True,False,False,False
Battery overheating (2-4 d),SITE__2990522573,2026-06-01,4,False,False,True,False,True,False,False,False,False,False,True,False,False,False
"Load surge (non-RAN load, 1 d)",SITE__963212382,2026-03-31,1,True,False,False,False,True,False,False,False,True,False,True,False,False,False
"Load surge (non-RAN load, 1 d)",SITE__963212382,2026-05-19,1,True,False,False,False,True,False,False,False,True,False,True,False,False,False
RAN meter drift (3-5 d),SITE__708613481,2026-04-07,4,False,False,True,True,True,True,False,False,False,False,True,True,False,False
Rectifier efficiency loss (3-5 d),SITE__708613481,2026-05-31,4,False,False,True,True,True,True,False,False,False,False,True,True,False,False
Battery overheating (2-4 d),SITE__1095418536,2026-05-29,3,False,False,True,False,True,False,False,False,True,True,True,True,True,False
"Load drop (sector outage, 1-3 d)",SITE__1095418536,2026-03-29,1,True,False,False,False,True,False,False,False,True,False,True,False,False,False
Rectifier efficiency loss (3-5 d),SITE__1794438460,2026-02-28,5,True,True,False,False,True,True,False,False,True,True,True,True,False,False
"Load surge (non-RAN load, 1 d)",SITE__1794438460,2026-05-07,1,True,False,True,False,True,False,True,False,True,False,True,False,True,False
"Load surge (non-RAN load, 1 d)",SITE__2681276059,2026-06-03,1,True,False,True,False,True,False,True,False,True,False,True,False,True,False
"Load drop (sector outage, 1-3 d)",SITE__2681276059,2026-03-06,3,True,False,False,False,True,False,False,False,True,False,True,False,False,False
"Load surge (non-RAN load, 1 d)",SITE__1241114077,2026-03-25,1,True,False,True,False,True,False,True,False,True,False,True,False,True,False
Supply interruption (1-2 d),SITE__1241114077,2026-05-21,2,True,True,True,False,True,True,True,False,True,True,True,True,True,False
Rectifier efficiency loss (3-5 d),SITE__692658216,2026-03-20,5,False,False,False,False,False,False,False,False,False,False,False,False,False,False
RAN meter drift (3-5 d),SITE__692658216,2026-05-27,3,False,False,True,False,True,False,False,False,False,False,True,False,False,False
"Load surge (non-RAN load, 1 d)",SITE__2515955655,2026-03-02,1,True,False,True,False,True,False,True,False,True,False,True,False,True,False
"Load drop (sector outage, 1-3 d)",SITE__2515955655,2026-05-27,2,True,False,False,False,True,False,False,False,True,False,True,False,False,False
RAN meter drift (3-5 d),SITE__427435439,2026-04-09,5,False,False,True,False,True,False,False,False,False,False,True,False,False,False
"Load drop (sector outage, 1-3 d)",SITE__427435439,2026-06-02,3,True,False,False,False,True,False,False,False,True,False,True,False,False,False
RAN meter drift (3-5 d),SITE__802087002,2026-04-17,4,False,False,True,False,True,False,False,False,False,False,True,False,False,False
"Load drop (sector outage, 1-3 d)",SITE__802087002,2026-02-26,3,True,True,False,False,True,True,False,False,True,False,True,False,False,False
Battery overheating (2-4 d),SITE__1989813146,2026-03-04,2,False,False,False,False,False,False,False,False,False,False,False,False,False,False
"Load drop (sector outage, 1-3 d)",SITE__1989813146,2026-04-28,2,True,False,False,False,True,False,False,False,True,False,True,False,False,False
Supply interruption (1-2 d),SITE__2205774736,2026-03-01,2,False,False,True,False,True,False,False,False,False,False,True,False,False,False
Battery overheating (2-4 d),SITE__2205774736,2026-06-02,2,False,False,True,True,True,True,False,False,True,True,True,True,True,True
Rectifier efficiency loss (3-5 d),SITE__1444760086,2026-04-15,4,False,False,False,False,False,False,False,False,False,False,False,False,False,False
Supply interruption (1-2 d),SITE__1444760086,2026-02-24,1,False,False,True,False,True,False,False,False,False,False,True,False,False,False
"Load surge (non-RAN load, 1 d)",SITE__2440266465,2026-06-02,1,True,False,True,False,True,False,True,False,True,False,True,False,True,False
Battery overheating (2-4 d),SITE__2440266465,2026-03-28,3,False,False,False,False,False,False,False,False,False,False,False,False,False,False
"Load drop (sector outage, 1-3 d)",SITE__707645698,2026-03-15,2,True,False,False,False,True,False,False,False,True,False,True,False,False,False
Battery overheating (2-4 d),SITE__707645698,2026-05-29,4,False,False,True,False,True,False,False,False,False,False,True,False,False,False
"Load drop (sector outage, 1-3 d)",SITE__833565988,2026-04-20,3,True,False,False,False,True,False,False,False,True,False,True,False,False,False
Supply interruption (1-2 d),SITE__833565988,2026-02-25,2,False,False,True,False,True,False,False,False,False,False,True,False,False,False
"Load surge (non-RAN load, 1 d)",SITE__562138257,2026-05-05,1,True,False,True,False,True,False,True,False,True,False,True,False,True,False
Supply interruption (1-2 d),SITE__562138257,2026-02-24,1,False,False,True,False,True,False,False,False,False,False,True,False,False,False
RAN meter drift (3-5 d),SITE__2006721838,2026-02-26,4,True,True,True,True,True,True,True,True,True,True,True,True,True,True
Rectifier efficiency loss (3-5 d),SITE__2006721838,2026-05-02,4,False,False,True,True,True,True,False,False,False,False,True,True,False,False
"Load drop (sector outage, 1-3 d)",SITE__2480234874,2026-05-03,2,True,True,True,True,True,True,True,True,True,True,True,True,True,True
"Load surge (non-RAN load, 1 d)",SITE__2480234874,2026-03-13,1,True,False,True,True,True,True,True,False,True,False,True,True,True,False
"Load drop (sector outage, 1-3 d)",SITE__2058830174,2026-05-05,3,True,False,False,False,True,False,False,False,True,False,True,False,False,False
"Load drop (sector outage, 1-3 d)",SITE__2058830174,2026-03-06,1,True,False,False,False,True,False,False,False,True,False,True,False,False,False
Battery overheating (2-4 d),SITE__357187712,2026-05-10,3,True,True,False,False,True,True,False,False,True,True,True,True,False,False
RAN meter drift (3-5 d),SITE__357187712,2026-03-10,4,True,True,True,False,True,True,False,False,True,True,True,True,True,False
"Load surge (non-RAN load, 1 d)",SITE__1398078306,2026-05-19,1,True,False,True,False,True,False,True,False,True,False,True,False,True,False
"Load drop (sector outage, 1-3 d)",SITE__1398078306,2026-03-23,1,True,False,False,False,True,False,False,False,True,False,True,False,False,False
RAN meter drift (3-5 d),SITE__2350192855,2026-03-13,4,False,False,True,False,True,False,False,False,False,False,True,False,False,False
Supply interruption (1-2 d),SITE__2350192855,2026-05-22,2,False,False,True,False,True,False,False,False,False,False,True,False,False,False
RAN meter drift (3-5 d),SITE__46084643,2026-04-29,4,False,False,True,False,True,False,False,False,False,False,True,False,False,False
Rectifier efficiency loss (3-5 d),SITE__46084643,2026-02-26,3,True,True,False,False,True,True,False,False,False,False,False,False,False,False
"Load surge (non-RAN load, 1 d)",SITE__2183992997,2026-04-13,1,True,False,True,False,True,False,True,False,True,False,True,False,True,False
RAN meter drift (3-5 d),SITE__2183992997,2026-06-02,5,False,False,True,False,True,False,False,False,False,False,True,False,False,False
"Load surge (non-RAN load, 1 d)",SITE__1160185740,2026-03-08,1,True,False,True,False,True,False,True,False,True,False,True,False,True,False
Battery overheating (2-4 d),SITE__1160185740,2026-05-14,2,False,False,True,False,True,False,False,False,False,False,True,False,False,False
Supply interruption (1-2 d),SITE__974567705,2026-05-25,2,False,False,True,False,True,False,False,False,False,False,True,False,False,False
RAN meter drift (3-5 d),SITE__974567705,2026-03-20,5,False,False,True,False,True,False,False,False,True,False,True,False,True,False
RAN meter drift (3-5 d),SITE__515655185,2026-03-24,4,False,False,True,False,True,False,False,False,False,False,True,False,False,False
Battery overheating (2-4 d),SITE__515655185,2026-05-28,4,False,False,True,False,True,False,False,False,False,False,True,False,False,False
Rectifier efficiency loss (3-5 d),SITE__135298474,2026-03-29,3,False,False,False,False,False,False,False,False,False,False,False,False,False,False
"Load surge (non-RAN load, 1 d)",SITE__135298474,2026-05-24,1,True,False,True,False,True,False,True,False,True,False,True,False,True,False
Supply interruption (1-2 d),SITE__1105249613,2026-02-25,2,True,True,True,True,True,True,True,True,True,True,True,True,True,True
"Load surge (non-RAN load, 1 d)",SITE__1756594290,2026-05-31,1,True,False,True,False,True,False,True,False,True,False,True,False,True,False
"Load surge (non-RAN load, 1 d)",SITE__1756594290,2026-02-27,1,True,False,True,False,True,False,True,False,True,False,True,False,True,False
Battery overheating (2-4 d),SITE__34482027,2026-03-15,2,False,False,True,False,True,False,False,False,False,False,True,False,False,False
Supply interruption (1-2 d),SITE__34482027,2026-04-30,2,False,False,True,False,True,False,False,False,False,False,True,False,False,False
RAN meter drift (3-5 d),SITE__1020212856,2026-04-29,3,True,False,True,False,True,False,True,False,True,False,True,False,True,False
RAN meter drift (3-5 d),SITE__1020212856,2026-02-24,5,True,True,True,False,True,True,True,False,True,True,True,True,True,False
Supply interruption (1-2 d),SITE__2402265076,2026-03-01,1,False,False,True,False,True,False,False,False,False,False,True,False,False,False
Rectifier efficiency loss (3-5 d),SITE__2402265076,2026-04-25,5,False,False,True,True,True,True,False,False,False,False,True,True,False,False
Rectifier efficiency loss (3-5 d),SITE__1788746509,2026-05-29,5,False,False,False,False,False,False,False,False,False,False,False,False,False,False
Supply interruption (1-2 d),SITE__851150758,2026-03-09,2,False,False,True,False,True,False,False,False,False,False,True,False,False,False
Supply interruption (1-2 d),SITE__851150758,2026-04-27,2,True,True,True,False,True,True,True,False,True,True,True,True,True,False
Supply interruption (1-2 d),SITE__1620432477,2026-03-18,1,False,False,True,False,True,False,False,False,False,False,True,False,False,False
Battery overheating (2-4 d),SITE__1620432477,2026-05-12,4,False,False,True,False,True,False,False,False,False,False,True,False,False,False
RAN meter drift (3-5 d),SITE__241134504,2026-03-02,3,True,False,True,False,True,False,True,False,True,False,True,False,True,False
Rectifier efficiency loss (3-5 d),SITE__241134504,2026-05-19,3,False,False,False,False,False,False,False,False,False,False,False,False,False,False
"Load surge (non-RAN load, 1 d)",SITE__2165433782,2026-05-13,1,True,False,True,False,True,False,True,False,True,False,True,False,True,False
Rectifier efficiency loss (3-5 d),SITE__2165433782,2026-03-01,5,False,False,False,False,False,False,False,False,False,False,False,False,False,False
Supply interruption (1-2 d),SITE__910963234,2026-05-17,2,True,True,True,True,True,True,True,True,True,True,True,True,True,True
RAN meter drift (3-5 d),SITE__910963234,2026-03-07,3,False,False,True,False,True,False,False,False,False,False,True,False,False,False
Rectifier efficiency loss (3-5 d),SITE__2605883691,2026-03-20,3,False,False,False,True,False,True,False,False,False,False,False,True,False,False
"Load surge (non-RAN load, 1 d)",SITE__2605883691,2026-05-28,1,True,False,True,False,True,False,True,False,True,False,True,False,True,False
RAN meter drift (3-5 d),SITE__1486231371,2026-02-28,3,False,False,False,False,False,False,False,False,False,False,False,False,False,False
Rectifier efficiency loss (3-5 d),SITE__1486231371,2026-05-23,3,True,True,True,True,True,True,False,False,True,True,True,True,False,False
Supply interruption (1-2 d),SITE__326073507,2026-02-24,1,False,False,True,False,True,False,False,False,False,False,True,False,False,False
RAN meter drift (3-5 d),SITE__987742973,2026-05-10,4,False,False,True,False,True,False,False,False,True,False,True,False,True,False
Battery overheating (2-4 d),SITE__987742973,2026-03-16,2,False,False,True,False,True,False,False,False,False,False,True,False,False,False
Battery overheating (2-4 d),SITE__1462947745,2026-03-14,2,False,False,True,False,True,False,False,False,False,False,True,False,False,False
"Load drop (sector outage, 1-3 d)",SITE__1462947745,2026-05-26,2,True,True,False,False,True,True,False,False,True,True,True,True,False,False
"Load drop (sector outage, 1-3 d)",SITE__2232026208,2026-04-28,2,True,True,False,False,True,True,False,False,True,True,True,True,False,False
RAN meter drift (3-5 d),SITE__2232026208,2026-03-12,5,False,False,True,False,True,False,False,False,False,False,True,False,False,False
"Load drop (sector outage, 1-3 d)",SITE__2657870258,2026-04-17,2,True,False,False,False,True,False,False,False,True,False,True,False,False,False
Rectifier efficiency loss (3-5 d),SITE__2657870258,2026-06-03,3,False,False,False,False,False,False,False,False,False,False,False,False,False,False
"Load surge (non-RAN load, 1 d)",SITE__2078560719,2026-04-27,1,True,False,True,False,True,False,True,False,True,False,True,False,True,False
Battery overheating (2-4 d),SITE__2078560719,2026-03-08,2,False,False,True,False,True,False,False,False,False,False,True,False,False,False
Supply interruption (1-2 d),SITE__803588019,2026-05-25,1,False,False,True,False,True,False,False,False,False,False,True,False,False,False
RAN meter drift (3-5 d),SITE__803588019,2026-03-12,3,False,False,True,True,True,True,False,False,False,False,True,True,False,False
"Load surge (non-RAN load, 1 d)",SITE__1564510297,2026-04-20,1,True,False,True,False,True,False,True,False,True,False,True,False,True,False
"Load drop (sector outage, 1-3 d)",SITE__1564510297,2026-02-27,2,True,False,False,False,True,False,False,False,True,False,True,False,False,False
"Load surge (non-RAN load, 1 d)",SITE__2934668510,2026-03-29,1,True,False,True,True,True,True,True,False,True,False,True,True,True,False
Battery overheating (2-4 d),SITE__2934668510,2026-06-02,4,False,False,True,False,True,False,False,False,False,False,True,False,False,False
Rectifier efficiency loss (3-5 d),SITE__971195109,2026-04-07,4,False,False,False,False,False,False,False,False,False,False,False,False,False,False
"Load surge (non-RAN load, 1 d)",SITE__971195109,2026-05-28,1,True,False,True,False,True,False,True,False,True,False,True,False,True,False
RAN meter drift (3-5 d),SITE__1039093021,2026-05-12,3,False,False,True,False,True,False,False,False,False,False,True,False,False,False
Battery overheating (2-4 d),SITE__1039093021,2026-03-25,3,False,False,True,False,True,False,False,False,False,False,True,False,False,False
Rectifier efficiency loss (3-5 d),SITE__1626212895,2026-05-10,5,False,False,False,False,False,False,False,False,False,False,False,False,False,False
Battery overheating (2-4 d),SITE__1626212895,2026-03-22,4,True,True,True,True,True,True,True,True,True,True,True,True,True,True
RAN meter drift (3-5 d),SITE__1409369725,2026-02-25,3,False,False,True,True,True,True,False,False,False,True,True,True,False,True
Supply interruption (1-2 d),SITE__2310754663,2026-03-21,2,False,False,True,False,True,False,False,False,False,False,True,False,False,False
"Load drop (sector outage, 1-3 d)",SITE__2310754663,2026-05-19,2,True,False,False,False,True,False,False,False,True,False,True,False,False,False
"Load drop (sector outage, 1-3 d)",SITE__1946852642,2026-05-26,1,True,False,False,False,True,False,False,False,True,False,True,False,False,False
Battery overheating (2-4 d),SITE__1946852642,2026-03-13,2,False,False,True,False,True,False,False,False,False,False,True,False,False,False
Rectifier efficiency loss (3-5 d),SITE__1978829247,2026-05-28,4,False,False,False,False,False,False,False,False,False,False,False,False,False,False
"Load surge (non-RAN load, 1 d)",SITE__1978829247,2026-03-27,1,True,True,True,False,True,True,True,False,True,False,True,False,True,False
"Load drop (sector outage, 1-3 d)",SITE__1864493758,2026-05-21,1,True,False,False,False,True,False,False,False,True,False,True,False,False,False
Supply interruption (1-2 d),SITE__1864493758,2026-04-03,2,False,False,True,False,True,False,False,False,False,False,True,False,False,False
"Load drop (sector outage, 1-3 d)",SITE__1807076568,2026-03-31,3,True,False,False,False,True,False,False,False,True,False,True,False,False,False
"Load drop (sector outage, 1-3 d)",SITE__1807076568,2026-05-22,2,True,False,False,False,True,False,False,False,True,False,True,False,False,False
Rectifier efficiency loss (3-5 d),SITE__2419415079,2026-02-28,4,False,False,False,False,False,False,False,False,False,False,False,False,False,False
RAN meter drift (3-5 d),SITE__2419415079,2026-05-28,4,False,False,True,False,True,False,False,False,False,False,True,False,False,False
"Load drop (sector outage, 1-3 d)",SITE__2180585955,2026-05-21,3,True,False,False,False,True,False,False,False,True,False,True,False,False,False
"Load surge (non-RAN load, 1 d)",SITE__2180585955,2026-03-30,1,True,False,True,False,True,False,True,False,True,False,True,False,True,False
"Load drop (sector outage, 1-3 d)",SITE__312920580,2026-05-03,2,True,False,False,False,True,False,False,False,True,False,True,False,False,False
Supply interruption (1-2 d),SITE__312920580,2026-03-14,2,False,False,True,False,True,False,False,False,False,False,True,False,False,False
Battery overheating (2-4 d),SITE__1273348749,2026-05-19,4,True,True,True,True,True,True,True,True,True,True,True,True,True,True
Battery overheating (2-4 d),SITE__1565379249,2026-03-15,3,False,False,True,False,True,False,False,False,False,False,True,False,False,False
Rectifier efficiency loss (3-5 d),SITE__1565379249,2026-05-02,4,False,False,False,False,False,False,False,False,False,False,False,False,False,False
"Load surge (non-RAN load, 1 d)",SITE__1120159294,2026-05-22,1,True,False,True,False,True,False,True,False,True,False,True,False,True,False
"Load drop (sector outage, 1-3 d)",SITE__1120159294,2026-03-10,1,True,False,False,False,True,False,False,False,True,False,True,False,False,False
RAN meter drift (3-5 d),SITE__862236711,2026-04-08,3,False,False,True,False,True,False,False,False,False,False,True,False,False,False
"Load drop (sector outage, 1-3 d)",SITE__862236711,2026-05-25,3,True,False,False,False,True,False,False,False,True,False,True,False,False,False
"Load surge (non-RAN load, 1 d)",SITE__373197055,2026-05-18,1,True,False,True,False,True,False,True,False,True,False,True,False,True,False
Rectifier efficiency loss (3-5 d),SITE__373197055,2026-03-17,5,False,False,False,False,False,False,False,False,False,False,False,False,False,False
Rectifier efficiency loss (3-5 d),SITE__2126188952,2026-03-19,5,False,False,True,True,True,True,False,False,False,False,True,True,False,False
Battery overheating (2-4 d),SITE__2126188952,2026-05-21,2,False,False,True,False,True,False,False,False,False,False,True,False,False,False
"Load surge (non-RAN load, 1 d)",SITE__198160114,2026-05-12,1,True,False,False,False,True,False,False,False,True,False,True,False,False,False
"Load surge (non-RAN load, 1 d)",SITE__198160114,2026-03-22,1,True,False,False,False,True,False,False,False,True,False,True,False,False,False
Rectifier efficiency loss (3-5 d),SITE__2322282649,2026-04-13,4,False,False,False,False,False,False,False,False,False,False,False,False,False,False
"Load surge (non-RAN load, 1 d)",SITE__2322282649,2026-06-01,1,True,False,True,False,True,False,True,False,True,False,True,False,True,False
"Load drop (sector outage, 1-3 d)",SITE__302476067,2026-05-27,3,True,False,True,True,True,True,True,False,True,False,True,True,True,False
"Load drop (sector outage, 1-3 d)",SITE__302476067,2026-04-08,1,True,False,True,True,True,True,True,False,True,False,True,True,True,False
Rectifier efficiency loss (3-5 d),SITE__1453138074,2026-03-04,5,False,False,False,False,False,False,False,False,False,False,False,False,False,False
"Load drop (sector outage, 1-3 d)",SITE__1453138074,2026-04-27,1,True,False,False,False,True,False,False,False,True,False,True,False,False,False
Supply interruption (1-2 d),SITE__21799034,2026-03-01,2,True,True,True,True,True,True,True,True,True,True,True,True,True,True
RAN meter drift (3-5 d),SITE__360340752,2026-03-27,4,False,False,True,False,True,False,False,False,False,False,True,False,False,False
Supply interruption (1-2 d),SITE__360340752,2026-05-22,1,False,False,True,False,True,False,False,False,False,False,True,False,False,False
"Load drop (sector outage, 1-3 d)",SITE__304296483,2026-03-12,3,True,False,False,False,True,False,False,False,True,False,True,False,False,False
RAN meter drift (3-5 d),SITE__304296483,2026-05-13,3,False,False,True,False,True,False,False,False,False,False,True,False,False,False
RAN meter drift (3-5 d),SITE__364853630,2026-02-25,4,False,True,True,True,True,True,False,False,False,True,True,True,False,False
"Load drop (sector outage, 1-3 d)",SITE__364853630,2026-04-30,2,True,False,False,False,True,False,False,False,True,False,True,False,False,False
Rectifier efficiency loss (3-5 d),SITE__2715535969,2026-04-23,3,False,False,False,False,False,False,False,False,False,False,False,False,False,False
"Load surge (non-RAN load, 1 d)",SITE__2715535969,2026-02-26,1,True,False,True,False,True,False,True,False,True,False,True,False,True,False
Supply interruption (1-2 d),SITE__2118628788,2026-04-12,2,False,False,True,False,True,False,False,False,False,False,True,False,False,False
RAN meter drift (3-5 d),SITE__2118628788,2026-02-24,5,False,True,True,False,True,True,False,False,False,False,True,False,False,False
Rectifier efficiency loss (3-5 d),SITE__2496735549,2026-04-18,3,False,False,False,False,False,False,False,False,True,True,True,True,False,False
Rectifier efficiency loss (3-5 d),SITE__2496735549,2026-02-27,4,True,True,False,False,True,True,False,False,True,True,True,True,False,False
Rectifier efficiency loss (3-5 d),SITE__2746425192,2026-05-11,4,False,False,True,True,True,True,False,False,False,False,True,True,False,False
Battery overheating (2-4 d),SITE__2746425192,2026-02-28,3,False,False,True,True,True,True,False,False,False,False,True,True,False,False
"Load drop (sector outage, 1-3 d)",SITE__790898648,2026-04-30,1,True,False,False,False,True,False,False,False,True,False,True,False,False,False
Battery overheating (2-4 d),SITE__790898648,2026-03-06,3,False,False,True,False,True,False,False,False,False,False,True,False,False,False
Rectifier efficiency loss (3-5 d),SITE__2184716924,2026-05-06,5,False,False,True,True,True,True,False,False,False,False,True,True,False,False
Rectifier efficiency loss (3-5 d),SITE__2184716924,2026-02-24,3,False,False,False,False,False,False,False,False,False,False,False,False,False,False
RAN meter drift (3-5 d),SITE__436728313,2026-02-26,4,True,True,True,False,True,True,True,False,False,False,True,False,False,False
"Load drop (sector outage, 1-3 d)",SITE__436728313,2026-05-10,3,True,False,True,True,True,True,True,False,True,False,True,True,True,False
"Load drop (sector outage, 1-3 d)",SITE__2303185707,2026-04-13,3,True,False,False,False,True,False,False,False,True,False,True,False,False,False
"Load drop (sector outage, 1-3 d)",SITE__2303185707,2026-05-29,1,True,False,False,False,True,False,False,False,True,False,True,False,False,False
Supply interruption (1-2 d),SITE__2920514546,2026-04-24,2,False,False,True,False,True,False,False,False,False,False,True,False,False,False
"Load surge (non-RAN load, 1 d)",SITE__2920514546,2026-02-26,1,True,False,True,False,True,False,True,False,True,False,True,False,True,False
Battery overheating (2-4 d),SITE__2307863884,2026-05-16,2,False,False,False,False,False,False,False,False,False,False,False,False,False,False
RAN meter drift (3-5 d),SITE__2307863884,2026-03-18,5,False,False,True,False,True,False,False,False,False,False,True,False,False,False
"Load surge (non-RAN load, 1 d)",SITE__732028321,2026-05-31,1,True,False,True,False,True,False,True,False,True,False,True,False,True,False
"Load surge (non-RAN load, 1 d)",SITE__732028321,2026-04-14,1,True,False,True,False,True,False,True,False,True,False,True,False,True,False
RAN meter drift (3-5 d),SITE__1100163934,2026-05-04,4,True,True,True,False,True,True,True,False,False,True,True,True,False,False
"Load surge (non-RAN load, 1 d)",SITE__1100163934,2026-03-14,1,True,False,True,False,True,False,True,False,True,False,True,False,True,False
"Load drop (sector outage, 1-3 d)",SITE__287876773,2026-04-22,2,True,False,False,False,True,False,False,False,True,False,True,False,False,False
Rectifier efficiency loss (3-5 d),SITE__287876773,2026-03-08,4,False,False,False,False,False,False,False,False,False,False,False,False,False,False
RAN meter drift (3-5 d),SITE__2374695809,2026-05-02,4,True,False,True,False,True,False,True,False,True,False,True,False,True,False
"Load drop (sector outage, 1-3 d)",SITE__2374695809,2026-03-11,3,True,False,False,False,True,False,False,False,True,False,True,False,False,False
"Load surge (non-RAN load, 1 d)",SITE__2146644685,2026-05-12,1,True,False,True,False,True,False,True,False,True,False,True,False,True,False
Battery overheating (2-4 d),SITE__2146644685,2026-03-08,2,False,False,True,False,True,False,False,False,False,False,True,False,False,False
"Load surge (non-RAN load, 1 d)",SITE__2365767966,2026-04-26,1,True,False,True,False,True,False,True,False,True,False,True,False,True,False
Supply interruption (1-2 d),SITE__2365767966,2026-03-03,2,False,False,True,False,True,False,False,False,False,False,True,False,False,False
Battery overheating (2-4 d),SITE__2906393423,2026-04-24,4,False,False,True,False,True,False,False,False,False,False,True,False,False,False
"Load surge (non-RAN load, 1 d)",SITE__2906393423,2026-03-08,1,True,False,True,False,True,False,True,False,True,False,True,False,True,False
Supply interruption (1-2 d),SITE__303693713,2026-02-24,2,False,False,True,False,True,False,False,False,False,False,True,False,False,False
"Load surge (non-RAN load, 1 d)",SITE__303693713,2026-05-15,1,True,False,True,False,True,False,True,False,True,False,True,False,True,False
"Load drop (sector outage, 1-3 d)",SITE__1064659900,2026-05-22,2,True,False,False,False,True,False,False,False,True,False,True,False,False,False
Supply interruption (1-2 d),SITE__1064659900,2026-03-01,2,False,False,True,False,True,False,False,False,False,False,True,False,False,False
"Load drop (sector outage, 1-3 d)",SITE__1853176967,2026-03-06,2,True,False,True,True,True,True,True,False,True,False,True,True,True,False
Battery overheating (2-4 d),SITE__1853176967,2026-04-20,4,False,False,True,False,True,False,False,False,False,False,True,False,False,False
Supply interruption (1-2 d),SITE__240285807,2026-04-02,1,False,False,True,False,True,False,False,False,False,False,True,False,False,False
Battery overheating (2-4 d),SITE__240285807,2026-05-31,2,False,False,True,False,True,False,False,False,False,False,True,False,False,False
"Load drop (sector outage, 1-3 d)",SITE__673079072,2026-04-27,1,True,False,False,False,True,False,False,False,True,False,True,False,False,False
"Load drop (sector outage, 1-3 d)",SITE__673079072,2026-03-10,3,True,False,False,False,True,False,False,False,True,False,True,False,False,False
Rectifier efficiency loss (3-5 d),SITE__2329818815,2026-03-10,3,False,False,False,False,False,False,False,False,False,False,False,False,False,False
RAN meter drift (3-5 d),SITE__2329818815,2026-05-12,5,False,False,True,False,True,False,False,False,True,False,True,False,True,False
RAN meter drift (3-5 d),SITE__1381829978,2026-04-24,5,True,False,True,False,True,False,True,False,True,False,True,False,True,False
Rectifier efficiency loss (3-5 d),SITE__1381829978,2026-02-27,3,True,True,False,False,True,True,False,False,False,False,False,False,False,False
Rectifier efficiency loss (3-5 d),SITE__999611940,2026-03-09,3,False,False,False,False,False,False,False,False,False,False,False,False,False,False
Supply interruption (1-2 d),SITE__999611940,2026-05-12,2,False,False,True,False,True,False,False,False,False,False,True,False,False,False
"Load drop (sector outage, 1-3 d)",SITE__1830491845,2026-05-21,3,True,False,False,False,True,False,False,False,True,False,True,False,False,False
"Load drop (sector outage, 1-3 d)",SITE__1830491845,2026-03-30,2,True,False,False,False,True,False,False,False,True,False,True,False,False,False
"Load drop (sector outage, 1-3 d)",SITE__274152288,2026-03-22,3,True,False,True,True,True,True,True,False,True,False,True,True,True,False
"Load drop (sector outage, 1-3 d)",SITE__274152288,2026-05-30,3,True,False,True,True,True,True,True,False,True,False,True,True,True,False
RAN meter drift (3-5 d),SITE__1393658114,2026-03-28,3,False,False,True,False,True,False,False,False,False,False,True,False,False,False
Battery overheating (2-4 d),SITE__1393658114,2026-06-03,4,False,False,True,True,True,True,False,False,False,False,True,True,False,False
Rectifier efficiency loss (3-5 d),SITE__376647580,2026-04-22,4,False,False,False,False,False,False,False,False,True,True,True,True,False,False
RAN meter drift (3-5 d),SITE__376647580,2026-03-05,3,False,False,True,False,True,False,False,False,False,False,True,False,False,False
Battery overheating (2-4 d),SITE__1543681583,2026-06-01,3,False,False,False,False,False,False,False,False,False,False,False,False,False,False
Rectifier efficiency loss (3-5 d),SITE__1543681583,2026-02-24,5,True,True,True,False,True,True,False,False,False,False,True,False,False,False
"Load drop (sector outage, 1-3 d)",SITE__610516417,2026-04-27,3,True,False,False,False,True,False,False,False,True,False,True,False,False,False
Rectifier efficiency loss (3-5 d),SITE__610516417,2026-02-25,5,False,False,False,False,False,False,False,False,False,False,False,False,False,False
RAN meter drift (3-5 d),SITE__2600023308,2026-03-19,3,False,False,True,False,True,False,False,False,False,False,True,False,False,False
Rectifier efficiency loss (3-5 d),SITE__2600023308,2026-05-12,4,False,False,False,False,False,False,False,False,False,False,False,False,False,False
Supply interruption (1-2 d),SITE__2576691099,2026-02-26,1,False,False,True,False,True,False,False,False,False,False,True,False,False,False
RAN meter drift (3-5 d),SITE__2576691099,2026-04-22,4,False,False,True,False,True,False,False,False,False,False,True,False,False,False
Supply interruption (1-2 d),SITE__1316879823,2026-03-09,1,False,False,True,False,True,False,False,False,False,False,True,False,False,False
RAN meter drift (3-5 d),SITE__1316879823,2026-05-23,3,False,False,True,False,True,False,False,False,True,True,True,True,True,False
RAN meter drift (3-5 d),SITE__2307843908,2026-04-15,5,False,False,True,False,True,False,False,False,False,False,True,False,False,False
Rectifier efficiency loss (3-5 d),SITE__2307843908,2026-06-03,5,False,False,True,True,True,True,False,False,False,False,True,True,False,False
Rectifier efficiency loss (3-5 d),SITE__2901239609,2026-03-01,5,False,False,False,False,False,False,False,False,False,False,False,False,False,False
Battery overheating (2-4 d),SITE__2901239609,2026-05-01,4,False,False,True,False,True,False,False,False,False,False,True,False,False,False
Battery overheating (2-4 d),SITE__2845974887,2026-05-19,3,False,False,True,False,True,False,False,False,False,False,True,False,False,False
"Load drop (sector outage, 1-3 d)",SITE__2845974887,2026-03-13,1,True,False,False,False,True,False,False,False,True,False,True,False,False,False
Rectifier efficiency loss (3-5 d),SITE__427712045,2026-02-24,4,True,True,True,True,True,True,True,True,True,True,True,True,True,True
"Load drop (sector outage, 1-3 d)",SITE__1413233508,2026-04-27,3,True,False,True,True,True,True,True,False,True,False,True,True,True,False
"Load surge (non-RAN load, 1 d)",SITE__1413233508,2026-03-07,1,True,False,True,False,True,False,True,False,True,False,True,False,True,False
Rectifier efficiency loss (3-5 d),SITE__130629068,2026-03-23,3,False,False,False,False,False,False,False,False,False,False,False,False,False,False
"Load surge (non-RAN load, 1 d)",SITE__130629068,2026-06-01,1,True,True,True,True,True,True,True,True,True,True,True,True,True,True
Rectifier efficiency loss (3-5 d),SITE__328010845,2026-03-30,4,False,False,False,False,False,False,False,False,False,False,False,False,False,False
Rectifier efficiency loss (3-5 d),SITE__328010845,2026-06-03,5,False,False,True,False,True,False,False,False,False,False,True,False,False,False
RAN meter drift (3-5 d),SITE__2916321619,2026-04-30,5,False,False,True,False,True,False,False,False,False,False,True,False,False,False
"Load drop (sector outage, 1-3 d)",SITE__2916321619,2026-03-02,2,True,False,False,False,True,False,False,False,True,False,True,False,False,False
"Load surge (non-RAN load, 1 d)",SITE__2815625070,2026-05-11,1,True,False,True,False,True,False,True,False,True,False,True,False,True,False
Battery overheating (2-4 d),SITE__2815625070,2026-03-11,3,False,False,False,False,False,False,False,False,False,False,False,False,False,False
Rectifier efficiency loss (3-5 d),SITE__460577523,2026-05-08,3,False,False,True,False,True,False,False,False,False,False,True,False,False,False
RAN meter drift (3-5 d),SITE__460577523,2026-03-10,3,False,False,True,False,True,False,False,False,False,False,True,False,False,False
Rectifier efficiency loss (3-5 d),SITE__1482176284,2026-05-15,3,True,True,True,False,True,True,True,False,True,True,True,True,True,False
"Load surge (non-RAN load, 1 d)",SITE__945538412,2026-04-27,1,True,False,True,False,True,False,True,False,True,False,True,False,True,False
RAN meter drift (3-5 d),SITE__945538412,2026-03-04,5,True,False,True,False,True,False,True,False,True,False,True,False,True,False
Supply interruption (1-2 d),SITE__2258423534,2026-04-11,1,False,False,True,False,True,False,False,False,False,False,True,False,False,False
Rectifier efficiency loss (3-5 d),SITE__2258423534,2026-06-02,4,False,False,False,False,False,False,False,False,False,False,False,False,False,False
Battery overheating (2-4 d),SITE__1560741250,2026-04-14,3,False,False,True,False,True,False,False,False,False,False,True,False,False,False
"Load surge (non-RAN load, 1 d)",SITE__1560741250,2026-02-28,1,True,False,True,False,True,False,True,False,True,False,True,False,True,False
"Load drop (sector outage, 1-3 d)",SITE__2414548411,2026-05-03,3,True,False,False,False,True,False,False,False,True,False,True,False,False,False
"Load drop (sector outage, 1-3 d)",SITE__2414548411,2026-02-25,3,True,False,False,False,True,False,False,False,True,False,True,False,False,False
"Load drop (sector outage, 1-3 d)",SITE__1136264928,2026-03-13,1,True,False,True,True,True,True,True,False,True,False,True,True,True,False
"Load surge (non-RAN load, 1 d)",SITE__1136264928,2026-05-30,1,True,False,True,True,True,True,True,False,True,False,True,True,True,False
"Load surge (non-RAN load, 1 d)",SITE__20592367,2026-03-28,1,True,False,True,True,True,True,True,False,True,False,True,True,True,False
Rectifier efficiency loss (3-5 d),SITE__20592367,2026-05-31,5,False,False,False,False,False,False,False,False,False,False,False,False,False,False
Battery overheating (2-4 d),SITE__1714655949,2026-04-07,4,False,False,True,False,True,False,False,False,False,False,True,False,False,False
Rectifier efficiency loss (3-5 d),SITE__1714655949,2026-06-02,3,False,False,True,False,True,False,False,False,False,False,True,False,False,False
Battery overheating (2-4 d),SITE__1396981567,2026-04-07,3,False,False,True,False,True,False,False,False,False,False,True,False,False,False
RAN meter drift (3-5 d),SITE__1396981567,2026-05-29,5,False,False,True,True,True,True,False,False,True,False,True,True,True,False
RAN meter drift (3-5 d),SITE__9959856,2026-05-02,5,False,False,True,False,True,False,False,False,True,False,True,False,True,False
Battery overheating (2-4 d),SITE__9959856,2026-03-04,4,False,False,True,False,True,False,False,False,False,False,True,False,False,False
Battery overheating (2-4 d),SITE__685647055,2026-05-23,2,False,False,True,True,True,True,False,False,False,False,True,True,False,False
"Load surge (non-RAN load, 1 d)",SITE__685647055,2026-03-15,1,True,False,True,True,True,True,True,False,True,False,True,True,True,False
"Load surge (non-RAN load, 1 d)",SITE__1345241956,2026-04-10,1,True,False,True,False,True,False,True,False,True,False,True,False,True,False
RAN meter drift (3-5 d),SITE__1345241956,2026-05-28,5,False,True,True,False,True,True,False,False,False,False,True,False,False,False
"Load surge (non-RAN load, 1 d)",SITE__1665044753,2026-05-24,1,True,False,True,False,True,False,True,False,True,False,True,False,True,False
"Load surge (non-RAN load, 1 d)",SITE__1665044753,2026-03-14,1,True,False,True,False,True,False,True,False,True,False,True,False,True,False
Rectifier efficiency loss (3-5 d),SITE__2783983611,2026-03-29,5,False,False,False,False,False,False,False,False,True,True,True,True,False,False
"Load surge (non-RAN load, 1 d)",SITE__2783983611,2026-05-14,1,True,False,True,False,True,False,True,False,True,False,True,False,True,False
"Load drop (sector outage, 1-3 d)",SITE__2068764904,2026-03-29,1,True,True,False,False,True,True,False,False,True,False,True,False,False,False
Supply interruption (1-2 d),SITE__2068764904,2026-05-30,1,False,False,True,False,True,False,False,False,False,False,True,False,False,False
"Load drop (sector outage, 1-3 d)",SITE__317417932,2026-04-20,3,True,False,False,False,True,False,False,False,True,False,True,False,False,False
Supply interruption (1-2 d),SITE__317417932,2026-03-05,2,False,False,True,False,True,False,False,False,False,False,True,False,False,False
Battery overheating (2-4 d),SITE__803652227,2026-06-03,2,False,False,False,False,False,False,False,False,False,False,False,False,False,False
RAN meter drift (3-5 d),SITE__803652227,2026-02-25,3,True,False,True,False,True,False,True,False,False,False,True,False,False,False
"Load surge (non-RAN load, 1 d)",SITE__1831148668,2026-03-14,1,True,False,True,False,True,False,True,False,True,False,True,False,True,False
"Load drop (sector outage, 1-3 d)",SITE__1831148668,2026-05-01,3,True,True,True,True,True,True,True,True,True,True,True,True,True,True
Battery overheating (2-4 d),SITE__676111448,2026-04-08,4,False,False,True,True,True,True,False,False,False,False,True,True,False,False
Supply interruption (1-2 d),SITE__676111448,2026-06-03,2,True,True,True,False,True,True,True,False,True,True,True,True,True,False
RAN meter drift (3-5 d),SITE__2239889822,2026-03-09,5,False,False,True,False,True,False,False,False,False,False,True,False,False,False
"Load drop (sector outage, 1-3 d)",SITE__2239889822,2026-06-02,3,True,False,False,False,True,False,False,False,True,False,True,False,False,False
"Load drop (sector outage, 1-3 d)",SITE__2158835998,2026-04-01,2,True,False,False,False,True,False,False,False,True,False,True,False,False,False
"Load surge (non-RAN load, 1 d)",SITE__2158835998,2026-05-23,1,True,False,True,False,True,False,True,False,True,False,True,False,True,False
Supply interruption (1-2 d),SITE__2264281961,2026-04-30,1,False,False,True,False,True,False,False,False,False,False,True,False,False,False
"Load drop (sector outage, 1-3 d)",SITE__2264281961,2026-03-15,3,True,False,False,False,True,False,False,False,True,False,True,False,False,False
Rectifier efficiency loss (3-5 d),SITE__1454095654,2026-04-16,3,False,False,False,False,False,False,False,False,False,False,False,False,False,False
Supply interruption (1-2 d),SITE__1454095654,2026-06-02,2,False,False,True,False,True,False,False,False,False,False,True,False,False,False
Rectifier efficiency loss (3-5 d),SITE__866251461,2026-05-02,4,False,False,False,False,False,False,False,False,False,False,False,False,False,False
Battery overheating (2-4 d),SITE__866251461,2026-03-12,4,False,False,False,False,False,False,False,False,False,False,False,False,False,False
RAN meter drift (3-5 d),SITE__774247805,2026-05-18,4,False,False,True,False,True,False,False,False,True,False,True,False,True,False
Battery overheating (2-4 d),SITE__774247805,2026-03-10,2,False,False,True,False,True,False,False,False,False,False,True,False,False,False
Rectifier efficiency loss (3-5 d),SITE__1014689161,2026-05-28,3,False,False,False,False,False,False,False,False,False,False,False,False,False,False
"Load surge (non-RAN load, 1 d)",SITE__1014689161,2026-03-02,1,True,False,True,False,True,False,True,False,True,False,True,False,True,False
"Load drop (sector outage, 1-3 d)",SITE__2968733010,2026-02-24,2,True,False,False,False,True,False,False,False,True,False,True,False,False,False
Battery overheating (2-4 d),SITE__515844710,2026-04-05,4,False,False,True,True,True,True,False,False,False,False,True,True,False,False
"Load drop (sector outage, 1-3 d)",SITE__515844710,2026-05-29,3,True,False,True,True,True,True,True,False,True,False,True,True,True,False
"Load drop (sector outage, 1-3 d)",SITE__2402931738,2026-04-05,3,True,False,False,False,True,False,False,False,True,False,True,False,False,False
Supply interruption (1-2 d),SITE__2402931738,2026-06-02,1,False,False,True,False,True,False,False,False,False,False,True,False,False,False
RAN meter drift (3-5 d),SITE__543349454,2026-03-14,5,True,False,True,False,True,False,True,False,True,False,True,False,True,False
Battery overheating (2-4 d),SITE__543349454,2026-05-28,3,True,True,True,False,True,True,True,False,True,True,True,True,True,False
"Load surge (non-RAN load, 1 d)",SITE__2208222033,2026-04-21,1,True,False,True,False,True,False,True,False,True,False,True,False,True,False
Rectifier efficiency loss (3-5 d),SITE__2208222033,2026-03-04,4,False,False,True,False,True,False,False,False,False,False,True,False,False,False
RAN meter drift (3-5 d),SITE__631667243,2026-06-03,3,False,False,True,False,True,False,False,False,True,False,True,False,True,False
Battery overheating (2-4 d),SITE__631667243,2026-04-12,2,False,False,True,False,True,False,False,False,False,False,True,False,False,False
"Load surge (non-RAN load, 1 d)",SITE__1724922074,2026-05-22,1,True,False,True,True,True,True,True,False,True,False,True,True,True,False
"Load drop (sector outage, 1-3 d)",SITE__1724922074,2026-03-11,1,True,False,False,False,True,False,False,False,True,False,True,False,False,False
Rectifier efficiency loss (3-5 d),SITE__664542217,2026-04-06,5,False,False,True,False,True,False,False,False,False,False,True,False,False,False
Rectifier efficiency loss (3-5 d),SITE__664542217,2026-06-01,4,False,False,True,False,True,False,False,False,False,False,True,False,False,False
Battery overheating (2-4 d),SITE__1859038845,2026-03-05,3,False,False,False,False,False,False,False,False,False,False,False,False,False,False
Battery overheating (2-4 d),SITE__1859038845,2026-05-18,2,False,False,False,False,False,False,False,False,False,False,False,False,False,False
"Load surge (non-RAN load, 1 d)",SITE__2450987184,2026-03-27,1,True,False,True,False,True,False,True,False,True,False,True,False,True,False
"Load surge (non-RAN load, 1 d)",SITE__2450987184,2026-06-02,1,True,False,True,False,True,False,True,False,True,False,True,False,True,False
"Load drop (sector outage, 1-3 d)",SITE__263381612,2026-05-17,1,True,False,False,False,True,False,False,False,True,False,True,False,False,False
Supply interruption (1-2 d),SITE__263381612,2026-03-29,2,False,False,True,False,True,False,False,False,False,False,True,False,False,False
RAN meter drift (3-5 d),SITE__434965296,2026-04-29,5,False,False,True,True,True,True,False,False,True,False,True,True,True,False
Battery overheating (2-4 d),SITE__434965296,2026-03-06,4,False,False,False,False,False,False,False,False,False,False,False,False,False,False
Supply interruption (1-2 d),SITE__2429743658,2026-04-11,1,False,False,True,False,True,False,False,False,False,False,True,False,False,False
RAN meter drift (3-5 d),SITE__2429743658,2026-05-27,3,False,False,True,False,True,False,False,False,False,False,True,False,False,False
Battery overheating (2-4 d),SITE__1706461966,2026-05-01,3,False,False,False,False,False,False,False,False,False,False,False,False,False,False
RAN meter drift (3-5 d),SITE__1706461966,2026-02-25,3,False,False,True,False,True,False,False,False,True,False,True,False,True,False
Rectifier efficiency loss (3-5 d),SITE__1542719285,2026-05-03,5,True,True,True,True,True,True,True,True,False,False,True,True,False,False
"Load surge (non-RAN load, 1 d)",SITE__1542719285,2026-03-16,1,True,False,True,False,True,False,True,False,True,False,True,False,True,False
Rectifier efficiency loss (3-5 d),SITE__2303355629,2026-04-20,5,False,False,False,False,False,False,False,False,False,False,False,False,False,False
RAN meter drift (3-5 d),SITE__2303355629,2026-03-04,3,True,True,True,False,True,True,True,False,True,True,True,True,True,False
Battery overheating (2-4 d),SITE__2548753419,2026-03-22,3,False,False,True,False,True,False,False,False,False,False,True,False,False,False
Supply interruption (1-2 d),SITE__2548753419,2026-05-15,2,False,False,True,False,True,False,False,False,False,False,True,False,False,False
Rectifier efficiency loss (3-5 d),SITE__1317089693,2026-04-22,4,False,False,False,False,False,False,False,False,False,False,False,False,False,False
"Load drop (sector outage, 1-3 d)",SITE__1317089693,2026-02-24,1,True,False,False,False,True,False,False,False,True,False,True,False,False,False
"Load drop (sector outage, 1-3 d)",SITE__2877638828,2026-03-21,3,True,False,False,False,True,False,False,False,True,False,True,False,False,False
"Load drop (sector outage, 1-3 d)",SITE__2877638828,2026-05-05,3,True,False,False,False,True,False,False,False,True,False,True,False,False,False
"Load surge (non-RAN load, 1 d)",SITE__845375807,2026-02-24,1,True,False,False,False,True,False,False,False,True,False,True,False,False,False
Battery overheating (2-4 d),SITE__2436964612,2026-03-06,4,True,True,True,True,True,True,False,False,True,True,True,True,False,False
"Load surge (non-RAN load, 1 d)",SITE__2436964612,2026-04-22,1,True,False,False,False,True,False,False,False,True,False,True,False,False,False
Supply interruption (1-2 d),SITE__1990957444,2026-04-05,2,False,False,True,False,True,False,False,False,False,False,True,False,False,False
"Load surge (non-RAN load, 1 d)",SITE__1990957444,2026-05-30,1,True,False,True,False,True,False,True,False,True,False,True,False,True,False
"Load surge (non-RAN load, 1 d)",SITE__2141125558,2026-04-24,1,True,False,True,False,True,False,True,False,True,False,True,False,True,False
RAN meter drift (3-5 d),SITE__2141125558,2026-03-08,5,False,False,True,False,True,False,False,False,False,False,True,False,False,False
Battery overheating (2-4 d),SITE__1849268853,2026-02-25,4,False,False,False,False,False,False,False,False,True,True,True,True,False,False
"Load surge (non-RAN load, 1 d)",SITE__1849268853,2026-05-18,1,True,False,True,False,True,False,True,False,True,False,True,False,True,False
Supply interruption (1-2 d),SITE__1176822272,2026-03-30,2,False,False,True,False,True,False,False,False,False,False,True,False,False,False
Rectifier efficiency loss (3-5 d),SITE__1176822272,2026-05-27,4,False,False,False,False,False,False,False,False,False,False,False,False,False,False
"Load drop (sector outage, 1-3 d)",SITE__1961832694,2026-04-05,1,True,False,False,False,True,False,False,False,True,False,True,False,False,False
RAN meter drift (3-5 d),SITE__1961832694,2026-06-03,4,True,True,True,True,True,True,True,True,True,True,True,True,True,True
Rectifier efficiency loss (3-5 d),SITE__304911275,2026-05-05,4,True,True,False,False,True,True,False,False,False,False,False,False,False,False
"Load surge (non-RAN load, 1 d)",SITE__304911275,2026-03-04,1,True,True,True,False,True,True,True,False,True,False,True,False,True,False
RAN meter drift (3-5 d),SITE__1903088403,2026-03-21,5,True,False,True,False,True,False,True,False,True,False,True,False,True,False
"Load drop (sector outage, 1-3 d)",SITE__1903088403,2026-05-30,1,True,False,False,False,True,False,False,False,True,False,True,False,False,False
Rectifier efficiency loss (3-5 d),SITE__755861524,2026-05-27,4,False,False,False,False,False,False,False,False,False,False,False,False,False,False
Rectifier efficiency loss (3-5 d),SITE__755861524,2026-03-25,5,False,False,True,False,True,False,False,False,False,False,True,False,False,False
"Load surge (non-RAN load, 1 d)",SITE__2196125532,2026-04-03,1,True,False,True,False,True,False,True,False,True,False,True,False,True,False
"Load drop (sector outage, 1-3 d)",SITE__2196125532,2026-05-23,2,True,False,False,False,True,False,False,False,True,False,True,False,False,False
"Load surge (non-RAN load, 1 d)",SITE__1215863982,2026-05-12,1,True,False,True,False,True,False,True,False,True,False,True,False,True,False
Rectifier efficiency loss (3-5 d),SITE__1215863982,2026-03-22,3,False,False,False,False,False,False,False,False,False,False,False,False,False,False
Supply interruption (1-2 d),SITE__1833289506,2026-04-13,1,False,False,True,True,True,True,False,False,False,False,True,True,False,False
Battery overheating (2-4 d),SITE__1833289506,2026-05-29,4,True,True,True,False,True,True,True,False,False,False,True,False,False,False
"Load drop (sector outage, 1-3 d)",SITE__1701325460,2026-02-25,2,True,True,True,True,True,True,False,True,True,True,True,True,True,True
"Load drop (sector outage, 1-3 d)",SITE__113376999,2026-03-18,1,True,False,False,False,True,False,False,False,True,False,True,False,False,False
"Load drop (sector outage, 1-3 d)",SITE__113376999,2026-06-02,3,True,False,False,False,True,False,False,False,True,False,True,False,False,False
RAN meter drift (3-5 d),SITE__354651448,2026-04-03,4,False,False,True,False,True,False,False,False,True,False,True,False,True,False
"Load drop (sector outage, 1-3 d)",SITE__354651448,2026-05-19,3,True,False,False,False,True,False,False,False,True,False,True,False,False,False
RAN meter drift (3-5 d),SITE__82059247,2026-03-08,3,True,False,True,False,True,False,True,False,True,True,True,True,True,False
Battery overheating (2-4 d),SITE__82059247,2026-05-02,3,False,False,True,False,True,False,False,False,False,False,True,False,False,False
Battery overheating (2-4 d),SITE__856581871,2026-02-24,4,True,True,True,False,True,True,False,False,False,False,True,False,False,False
Rectifier efficiency loss (3-5 d),SITE__856581871,2026-04-12,5,True,True,False,False,True,True,False,False,False,False,False,False,False,False
"Load drop (sector outage, 1-3 d)",SITE__2926381772,2026-05-03,1,True,False,False,False,True,False,False,False,True,False,True,False,False,False
Rectifier efficiency loss (3-5 d),SITE__2926381772,2026-02-25,4,False,False,False,False,False,False,False,False,False,False,False,False,False,False
"Load drop (sector outage, 1-3 d)",SITE__2764615054,2026-03-20,1,True,False,False,False,True,False,False,False,True,False,True,False,False,False
RAN meter drift (3-5 d),SITE__2764615054,2026-05-27,4,False,False,True,False,True,False,False,False,True,False,True,False,True,False
"Load surge (non-RAN load, 1 d)",SITE__2361397892,2026-03-18,1,True,False,True,False,True,False,True,False,True,False,True,False,True,False
RAN meter drift (3-5 d),SITE__2361397892,2026-05-17,4,True,False,True,False,True,False,True,False,True,False,True,False,True,False
Battery overheating (2-4 d),SITE__921912345,2026-03-15,4,True,True,True,False,True,True,True,False,True,True,True,True,True,False
RAN meter drift (3-5 d),SITE__921912345,2026-05-17,5,True,True,True,False,True,True,True,False,True,True,True,True,True,False
RAN meter drift (3-5 d),SITE__2390584137,2026-05-07,5,True,False,True,False,True,False,True,False,True,False,True,False,True,False
Rectifier efficiency loss (3-5 d),SITE__2390584137,2026-03-08,5,False,False,False,False,False,False,False,False,False,False,False,False,False,False
RAN meter drift (3-5 d),SITE__724620569,2026-02-24,4,True,True,True,False,True,True,True,False,True,True,True,True,True,False
"Load drop (sector outage, 1-3 d)",SITE__2432261738,2026-03-25,3,True,False,False,False,True,False,False,False,True,False,True,False,False,False
Supply interruption (1-2 d),SITE__2432261738,2026-06-03,1,False,False,True,False,True,False,False,False,False,False,True,False,False,False
RAN meter drift (3-5 d),SITE__608048780,2026-05-10,4,True,False,True,True,True,True,True,False,True,False,True,True,True,False
Battery overheating (2-4 d),SITE__608048780,2026-03-17,4,False,False,True,False,True,False,False,False,False,False,True,False,False,False
Supply interruption (1-2 d),SITE__733293954,2026-05-04,2,False,False,True,True,True,True,False,False,False,False,True,True,False,False
Battery overheating (2-4 d),SITE__733293954,2026-03-11,4,False,False,True,True,True,True,False,False,False,False,True,True,False,False
"Load drop (sector outage, 1-3 d)",SITE__799330751,2026-03-26,3,True,False,False,False,True,False,False,False,True,False,True,False,False,False
"Load surge (non-RAN load, 1 d)",SITE__799330751,2026-05-29,1,True,False,True,False,True,False,True,False,True,False,True,False,True,False
Supply interruption (1-2 d),SITE__1397078342,2026-04-27,2,False,False,True,False,True,False,False,False,False,False,True,False,False,False
"Load surge (non-RAN load, 1 d)",SITE__1397078342,2026-03-06,1,True,False,True,False,True,False,True,False,True,False,True,False,True,False
"Load surge (non-RAN load, 1 d)",SITE__2103854260,2026-04-09,1,True,False,True,False,True,False,True,False,True,False,True,False,True,False
Battery overheating (2-4 d),SITE__2103854260,2026-05-29,3,True,True,True,False,True,True,True,False,True,True,True,True,True,False
Supply interruption (1-2 d),SITE__1422889300,2026-05-14,1,False,False,True,False,True,False,False,False,False,False,True,False,False,False
Supply interruption (1-2 d),SITE__1422889300,2026-03-23,1,True,True,True,False,True,True,True,False,False,False,True,False,False,False
Supply interruption (1-2 d),SITE__878171845,2026-04-13,1,False,False,True,False,True,False,False,False,False,False,True,False,False,False
Rectifier efficiency loss (3-5 d),SITE__878171845,2026-02-25,3,True,True,False,False,True,True,False,False,True,True,True,True,False,False
RAN meter drift (3-5 d),SITE__344153165,2026-03-23,4,True,True,True,False,True,True,True,False,True,True,True,True,True,False
"Load surge (non-RAN load, 1 d)",SITE__344153165,2026-05-10,1,True,False,True,False,True,False,True,False,True,False,True,False,True,False
Rectifier efficiency loss (3-5 d),SITE__2245752265,2026-03-13,4,False,False,False,False,False,False,False,False,False,False,False,False,False,False
Battery overheating (2-4 d),SITE__2245752265,2026-05-18,2,False,False,True,False,True,False,False,False,False,False,True,False,False,False
RAN meter drift (3-5 d),SITE__514281065,2026-03-08,3,False,False,True,False,True,False,False,False,False,False,True,False,False,False
"Load drop (sector outage, 1-3 d)",SITE__514281065,2026-05-12,2,True,False,False,False,True,False,False,False,True,False,True,False,False,False
RAN meter drift (3-5 d),SITE__793328963,2026-04-29,3,False,False,True,False,True,False,False,False,False,False,True,False,False,False
RAN meter drift (3-5 d),SITE__793328963,2026-03-02,3,False,False,True,False,True,False,False,False,False,False,True,False,False,False
Rectifier efficiency loss (3-5 d),SITE__25932138,2026-04-10,5,False,False,False,False,False,False,False,False,False,False,False,False,False,False
Supply interruption (1-2 d),SITE__25932138,2026-05-28,2,False,False,True,False,True,False,False,False,False,False,True,False,False,False
Battery overheating (2-4 d),SITE__1116540469,2026-03-18,4,False,False,True,False,True,False,False,False,False,False,True,False,False,False
Rectifier efficiency loss (3-5 d),SITE__1116540469,2026-05-30,4,False,False,False,False,False,False,False,False,False,False,False,False,False,False
Rectifier efficiency loss (3-5 d),SITE__1944419518,2026-05-07,3,False,False,False,False,False,False,False,False,False,False,False,False,False,False
Supply interruption (1-2 d),SITE__1944419518,2026-03-13,1,False,False,True,False,True,False,False,False,False,False,True,False,False,False
"Load surge (non-RAN load, 1 d)",SITE__2433722590,2026-03-01,1,True,False,True,False,True,False,True,False,True,False,True,False,True,False
"Load surge (non-RAN load, 1 d)",SITE__2433722590,2026-05-11,1,True,False,True,True,True,True,True,False,True,False,True,True,True,False
Rectifier efficiency loss (3-5 d),SITE__2870560115,2026-04-30,3,True,True,False,False,True,True,False,False,True,True,True,True,False,False
Supply interruption (1-2 d),SITE__2870560115,2026-03-13,2,True,True,True,False,True,True,True,False,True,True,True,True,True,False
Rectifier efficiency loss (3-5 d),SITE__508491259,2026-04-08,3,False,False,False,False,False,False,False,False,False,False,False,False,False,False
Rectifier efficiency loss (3-5 d),SITE__508491259,2026-05-25,5,False,False,False,False,False,False,False,False,False,False,False,False,False,False
Battery overheating (2-4 d),SITE__413776475,2026-03-26,3,False,False,True,False,True,False,False,False,False,False,True,False,False,False
"Load surge (non-RAN load, 1 d)",SITE__413776475,2026-05-16,1,True,False,True,False,True,False,True,False,True,False,True,False,True,False
RAN meter drift (3-5 d),SITE__915960887,2026-03-30,3,False,False,True,False,True,False,False,False,False,False,True,False,False,False
"Load drop (sector outage, 1-3 d)",SITE__915960887,2026-05-31,3,True,False,False,False,True,False,False,False,True,False,True,False,False,False
Rectifier efficiency loss (3-5 d),SITE__1546769999,2026-03-24,3,False,False,False,False,False,False,False,False,False,False,False,False,False,False
Supply interruption (1-2 d),SITE__1546769999,2026-05-26,1,False,False,True,False,True,False,False,False,False,False,True,False,False,False
Rectifier efficiency loss (3-5 d),SITE__1823997319,2026-04-24,5,False,False,False,False,False,False,False,False,False,False,False,False,False,False
Rectifier efficiency loss (3-5 d),SITE__1823997319,2026-03-04,3,False,False,False,False,False,False,False,False,False,False,False,False,False,False
Rectifier efficiency loss (3-5 d),SITE__72089635,2026-03-04,3,False,False,False,False,False,False,False,False,False,False,False,False,False,False
Battery overheating (2-4 d),SITE__72089635,2026-04-22,2,False,False,True,False,True,False,False,False,False,False,True,False,False,False
RAN meter drift (3-5 d),SITE__14179901,2026-04-27,4,True,False,True,False,True,False,True,False,True,False,True,False,True,False
Supply interruption (1-2 d),SITE__14179901,2026-03-12,2,False,False,True,False,True,False,False,False,False,False,True,False,False,False
Supply interruption (1-2 d),SITE__2514344979,2026-05-14,1,False,False,True,False,True,False,False,False,False,False,True,False,False,False
Battery overheating (2-4 d),SITE__2514344979,2026-03-22,3,True,True,False,False,True,True,False,False,False,False,False,False,False,False
Battery overheating (2-4 d),SITE__2140672601,2026-02-24,3,True,True,True,True,True,True,True,True,True,True,True,True,True,True
Rectifier efficiency loss (3-5 d),SITE__2140672601,2026-05-25,4,False,False,True,False,True,False,False,False,False,False,True,False,False,False
"Load drop (sector outage, 1-3 d)",SITE__2175322476,2026-06-03,3,True,False,False,False,True,False,False,False,True,False,True,False,False,False
"Load drop (sector outage, 1-3 d)",SITE__2175322476,2026-03-24,1,True,True,False,False,True,True,False,False,True,True,True,True,False,False
Supply interruption (1-2 d),SITE__1935526771,2026-04-03,1,False,False,True,False,True,False,False,False,False,False,True,False,False,False
RAN meter drift (3-5 d),SITE__1935526771,2026-05-22,5,True,False,True,False,True,False,True,False,True,False,True,False,True,False
Supply interruption (1-2 d),SITE__44470767,2026-04-06,1,False,False,True,False,True,False,False,False,False,False,True,False,False,False
RAN meter drift (3-5 d),SITE__44470767,2026-05-31,3,True,False,True,False,True,False,True,False,True,False,True,False,True,False
Rectifier efficiency loss (3-5 d),SITE__1356630839,2026-05-23,3,True,True,True,True,True,True,True,True,True,True,True,True,True,True
Battery overheating (2-4 d),SITE__1356630839,2026-03-28,4,False,False,True,False,True,False,False,False,False,False,True,False,False,False
RAN meter drift (3-5 d),SITE__2433962641,2026-04-23,4,True,False,True,False,True,False,True,False,True,False,True,False,True,False
Supply interruption (1-2 d),SITE__2433962641,2026-02-27,2,False,False,True,False,True,False,False,False,True,True,True,True,True,False
"Load surge (non-RAN load, 1 d)",SITE__713568318,2026-03-25,1,True,False,True,False,True,False,True,False,True,False,True,False,True,False
Rectifier efficiency loss (3-5 d),SITE__713568318,2026-05-10,3,False,False,False,False,False,False,False,False,False,False,False,False,False,False
RAN meter drift (3-5 d),SITE__229099769,2026-04-09,4,False,False,True,True,True,True,False,False,False,False,True,True,False,False
Battery overheating (2-4 d),SITE__229099769,2026-05-26,4,False,False,True,False,True,False,False,False,False,False,True,False,False,False
"Load drop (sector outage, 1-3 d)",SITE__87611060,2026-06-02,2,True,False,False,False,True,False,False,False,True,False,True,False,False,False
Battery overheating (2-4 d),SITE__87611060,2026-03-30,3,True,True,True,False,True,True,True,False,False,False,True,False,False,False
Rectifier efficiency loss (3-5 d),SITE__2024874755,2026-04-04,5,False,False,False,False,False,False,False,False,False,False,False,False,False,False
Battery overheating (2-4 d),SITE__2024874755,2026-05-29,3,False,False,True,False,True,False,False,False,False,False,True,False,False,False
"Load drop (sector outage, 1-3 d)",SITE__1498842642,2026-06-03,2,True,False,False,False,True,False,False,False,True,False,True,False,False,False
Rectifier efficiency loss (3-5 d),SITE__1498842642,2026-04-17,5,False,False,False,False,False,False,False,False,False,False,False,False,False,False
Supply interruption (1-2 d),SITE__1579190369,2026-05-18,2,False,False,True,False,True,False,False,False,False,False,True,False,False,False
Battery overheating (2-4 d),SITE__1579190369,2026-03-04,4,True,True,True,False,True,True,True,False,False,False,True,False,False,False
Rectifier efficiency loss (3-5 d),SITE__682654308,2026-05-20,3,False,False,True,False,True,False,False,False,False,False,True,False,False,False
RAN meter drift (3-5 d),SITE__682654308,2026-03-25,5,False,False,True,False,True,False,False,False,False,False,True,False,False,False
"Load drop (sector outage, 1-3 d)",SITE__877519311,2026-04-07,2,True,False,False,False,True,False,False,False,True,False,True,False,False,False
Supply interruption (1-2 d),SITE__877519311,2026-06-03,1,False,False,True,False,True,False,False,False,False,False,True,False,False,False
Battery overheating (2-4 d),SITE__119268854,2026-06-01,2,False,False,False,False,False,False,False,False,False,False,False,False,False,False
RAN meter drift (3-5 d),SITE__119268854,2026-03-22,3,False,False,False,False,False,False,False,False,False,False,False,False,False,False
"Load drop (sector outage, 1-3 d)",SITE__350983443,2026-03-15,3,True,False,False,False,True,False,False,False,True,False,True,False,False,False
RAN meter drift (3-5 d),SITE__350983443,2026-05-20,3,True,False,True,False,True,False,True,False,True,False,True,False,True,False
"Load drop (sector outage, 1-3 d)",SITE__160392040,2026-04-19,3,True,False,False,False,True,False,False,False,True,False,True,False,False,False
Battery overheating (2-4 d),SITE__160392040,2026-03-02,4,True,True,True,False,True,True,True,False,False,False,True,False,False,False
Battery overheating (2-4 d),SITE__457185522,2026-03-17,2,False,False,True,False,True,False,False,False,False,False,True,False,False,False
"Load surge (non-RAN load, 1 d)",SITE__457185522,2026-05-23,1,True,False,True,False,True,False,True,False,True,False,True,False,True,False
Rectifier efficiency loss (3-5 d),SITE__2732923995,2026-03-16,5,False,False,False,False,False,False,False,False,False,False,False,False,False,False
"Load drop (sector outage, 1-3 d)",SITE__2732923995,2026-06-02,3,True,False,False,False,True,False,False,False,True,False,True,False,False,False
Battery overheating (2-4 d),SITE__2088065755,2026-03-21,4,False,False,True,False,True,False,False,False,False,False,True,False,False,False
RAN meter drift (3-5 d),SITE__2088065755,2026-05-23,3,False,False,True,False,True,False,False,False,False,False,True,False,False,False
Rectifier efficiency loss (3-5 d),SITE__2691336116,2026-03-06,4,False,False,False,False,False,False,False,False,False,False,False,False,False,False
Rectifier efficiency loss (3-5 d),SITE__2691336116,2026-05-18,4,False,False,False,False,False,False,False,False,False,False,False,False,False,False
Battery overheating (2-4 d),SITE__1400875495,2026-05-13,3,False,False,True,True,True,True,False,False,False,False,True,True,False,False
Supply interruption (1-2 d),SITE__1400875495,2026-03-01,1,False,False,True,True,True,True,False,False,False,False,True,True,False,False
Rectifier efficiency loss (3-5 d),SITE__2047978698,2026-02-24,5,True,True,True,True,True,True,True,True,True,True,True,True,True,True
"Load drop (sector outage, 1-3 d)",SITE__2544878986,2026-03-26,1,True,False,False,False,True,False,False,False,True,False,True,False,False,False
Rectifier efficiency loss (3-5 d),SITE__2544878986,2026-05-31,4,False,False,False,False,False,False,False,False,False,False,False,False,False,False
Rectifier efficiency loss (3-5 d),SITE__1132051409,2026-05-21,5,False,False,True,False,True,False,False,False,False,False,True,False,False,False
Supply interruption (1-2 d),SITE__1132051409,2026-03-12,1,False,False,True,False,True,False,False,False,False,False,True,False,False,False
Rectifier efficiency loss (3-5 d),SITE__1746071979,2026-04-08,5,False,False,False,False,False,False,False,False,False,False,False,False,False,False
"Load surge (non-RAN load, 1 d)",SITE__1746071979,2026-05-25,1,True,False,True,False,True,False,True,False,True,False,True,False,True,False
"Load surge (non-RAN load, 1 d)",SITE__266117438,2026-03-03,1,True,False,True,False,True,False,True,False,True,False,True,False,True,False
Supply interruption (1-2 d),SITE__266117438,2026-05-17,1,False,False,True,False,True,False,False,False,False,False,True,False,False,False
"Load drop (sector outage, 1-3 d)",SITE__1486961587,2026-04-29,1,True,False,False,False,True,False,False,False,True,False,True,False,False,False
Rectifier efficiency loss (3-5 d),SITE__1486961587,2026-03-15,3,False,False,False,False,False,False,False,False,False,False,False,False,False,False
"Load drop (sector outage, 1-3 d)",SITE__1718842628,2026-03-20,3,True,True,False,False,True,True,False,False,True,True,True,True,False,False
Supply interruption (1-2 d),SITE__1718842628,2026-05-04,1,False,False,True,False,True,False,False,False,False,False,True,False,False,False
"Load drop (sector outage, 1-3 d)",SITE__2408783254,2026-03-13,1,True,False,False,False,True,False,False,False,True,False,True,False,False,False
Rectifier efficiency loss (3-5 d),SITE__2408783254,2026-05-29,4,True,True,True,True,True,True,True,True,True,True,True,True,False,False
Battery overheating (2-4 d),SITE__2404458599,2026-03-05,2,False,False,True,False,True,False,False,False,False,False,True,False,False,False
RAN meter drift (3-5 d),SITE__2404458599,2026-04-23,5,False,False,True,False,True,False,False,False,False,False,True,False,False,False
Supply interruption (1-2 d),SITE__2599824778,2026-03-31,2,False,False,True,False,True,False,False,False,False,False,True,False,False,False
"Load drop (sector outage, 1-3 d)",SITE__2599824778,2026-05-25,2,True,False,False,False,True,False,False,False,True,False,True,False,False,False
"Load surge (non-RAN load, 1 d)",SITE__1156895270,2026-03-14,1,True,False,True,False,True,False,True,False,True,False,True,False,True,False
Battery overheating (2-4 d),SITE__1156895270,2026-05-01,3,False,False,True,False,True,False,False,False,False,False,True,False,False,False
Supply interruption (1-2 d),SITE__527541850,2026-05-17,1,True,True,True,True,True,True,True,True,False,False,True,True,False,False
RAN meter drift (3-5 d),SITE__527541850,2026-03-28,3,True,True,True,False,True,True,True,False,True,True,True,True,True,False
Battery overheating (2-4 d),SITE__3995030,2026-03-29,2,False,False,True,False,True,False,False,False,False,False,True,False,False,False
"Load surge (non-RAN load, 1 d)",SITE__3995030,2026-06-01,1,True,False,False,False,True,False,False,False,True,False,True,False,False,False
Battery overheating (2-4 d),SITE__999676529,2026-03-28,3,True,True,True,True,True,True,True,True,True,True,True,True,True,True
Battery overheating (2-4 d),SITE__999676529,2026-05-22,4,False,False,True,True,True,True,False,False,False,False,True,True,False,False
Rectifier efficiency loss (3-5 d),SITE__2207259363,2026-05-01,3,False,False,False,False,False,False,False,False,False,False,False,False,False,False
"Load drop (sector outage, 1-3 d)",SITE__2207259363,2026-03-12,2,True,False,False,False,True,False,False,False,True,False,True,False,False,False
Rectifier efficiency loss (3-5 d),SITE__2773615377,2026-03-18,4,False,False,False,False,False,False,False,False,False,False,False,False,False,False
Battery overheating (2-4 d),SITE__2773615377,2026-05-04,2,False,False,False,False,False,False,False,False,False,False,False,False,False,False
RAN meter drift (3-5 d),SITE__931668113,2026-04-27,3,False,False,True,False,True,False,False,False,False,False,True,False,False,False
RAN meter drift (3-5 d),SITE__931668113,2026-03-09,5,True,False,True,False,True,False,True,False,True,False,True,False,True,False
"Load surge (non-RAN load, 1 d)",SITE__2134912125,2026-04-22,1,True,False,True,False,True,False,True,False,True,False,True,False,True,False
Supply interruption (1-2 d),SITE__2134912125,2026-03-07,1,False,False,True,False,True,False,False,False,False,False,True,False,False,False
"Load drop (sector outage, 1-3 d)",SITE__980630121,2026-03-19,2,True,False,True,True,True,True,True,False,True,False,True,True,True,False
"Load drop (sector outage, 1-3 d)",SITE__980630121,2026-05-16,2,True,False,False,False,True,False,False,False,True,False,True,False,False,False
Rectifier efficiency loss (3-5 d),SITE__2792339356,2026-03-01,3,False,False,False,False,False,False,False,False,False,False,False,False,False,False
"Load surge (non-RAN load, 1 d)",SITE__2792339356,2026-04-16,1,True,False,True,False,True,False,True,False,True,False,True,False,True,False
Supply interruption (1-2 d),SITE__1729123584,2026-05-25,2,False,False,True,False,True,False,False,False,False,False,True,False,False,False
"Load surge (non-RAN load, 1 d)",SITE__1729123584,2026-03-05,1,True,False,True,False,True,False,True,False,True,False,True,False,True,False
"Load surge (non-RAN load, 1 d)",SITE__795086395,2026-02-26,1,True,False,True,False,True,False,True,False,True,False,True,False,True,False
"Load surge (non-RAN load, 1 d)",SITE__795086395,2026-05-24,1,True,False,True,False,True,False,True,False,True,False,True,False,True,False
"Load drop (sector outage, 1-3 d)",SITE__2253730782,2026-03-01,2,True,False,True,True,True,True,True,False,True,False,True,True,True,False
"Load surge (non-RAN load, 1 d)",SITE__2253730782,2026-05-25,1,True,False,True,False,True,False,True,False,True,False,True,False,True,False
Rectifier efficiency loss (3-5 d),SITE__1585867123,2026-03-09,4,False,False,True,True,True,True,False,False,False,False,True,True,False,False
"Load drop (sector outage, 1-3 d)",SITE__1585867123,2026-05-28,1,True,False,False,False,True,False,False,False,True,False,True,False,False,False
"Load drop (sector outage, 1-3 d)",SITE__2054177035,2026-05-09,3,True,False,False,False,True,False,False,False,True,False,True,False,False,False
"Load drop (sector outage, 1-3 d)",SITE__2054177035,2026-03-24,1,True,False,False,False,True,False,False,False,True,False,True,False,False,False
RAN meter drift (3-5 d),SITE__252217369,2026-02-26,5,False,False,True,False,True,False,False,False,False,False,True,False,False,False
Rectifier efficiency loss (3-5 d),SITE__252217369,2026-05-23,4,False,False,False,False,False,False,False,False,False,False,False,False,False,False
Rectifier efficiency loss (3-5 d),SITE__1900215194,2026-03-10,4,False,False,False,False,False,False,False,False,False,False,False,False,False,False
Rectifier efficiency loss (3-5 d),SITE__1900215194,2026-04-29,5,False,False,False,False,False,False,False,False,False,False,False,False,False,False
"Load drop (sector outage, 1-3 d)",SITE__1353988700,2026-05-02,3,True,False,False,False,True,False,False,False,True,False,True,False,False,False
Supply interruption (1-2 d),SITE__1353988700,2026-03-07,1,False,False,True,False,True,False,False,False,False,False,True,False,False,False
RAN meter drift (3-5 d),SITE__1140261925,2026-03-13,3,True,True,True,False,True,True,True,False,False,False,True,False,False,False
"Load drop (sector outage, 1-3 d)",SITE__1140261925,2026-05-14,1,True,False,False,False,True,False,False,False,True,False,True,False,False,False
Rectifier efficiency loss (3-5 d),SITE__1834182739,2026-05-03,3,False,False,False,False,False,False,False,False,False,False,False,False,False,False
Rectifier efficiency loss (3-5 d),SITE__1834182739,2026-03-07,4,False,False,False,False,False,False,False,False,False,False,False,False,False,False
Supply interruption (1-2 d),SITE__426119310,2026-03-17,1,False,False,True,True,True,True,False,False,False,False,True,True,False,False
Supply interruption (1-2 d),SITE__426119310,2026-05-02,1,False,False,True,False,True,False,False,False,False,False,True,False,False,False
Supply interruption (1-2 d),SITE__962768937,2026-04-14,1,False,False,True,False,True,False,False,False,False,False,True,False,False,False
"Load drop (sector outage, 1-3 d)",SITE__962768937,2026-02-24,3,True,False,False,False,True,False,False,False,True,False,True,False,False,False
"Load drop (sector outage, 1-3 d)",SITE__1433643621,2026-05-09,3,True,False,True,True,True,True,True,False,True,False,True,True,True,False
Rectifier efficiency loss (3-5 d),SITE__1433643621,2026-03-06,3,False,False,False,False,False,False,False,False,False,False,False,False,False,False
"Load surge (non-RAN load, 1 d)",SITE__2988193761,2026-04-14,1,True,False,True,False,True,False,True,False,True,False,True,False,True,False
Rectifier efficiency loss (3-5 d),SITE__2988193761,2026-05-30,3,True,True,True,True,True,True,True,True,True,True,True,True,True,True
RAN meter drift (3-5 d),SITE__927096550,2026-03-02,4,True,False,True,False,True,False,True,False,True,False,True,False,True,False
"Load surge (non-RAN load, 1 d)",SITE__927096550,2026-05-01,1,True,False,True,False,True,False,True,False,True,False,True,False,True,False
"Load surge (non-RAN load, 1 d)",SITE__2048514178,2026-05-03,1,True,False,True,False,True,False,True,False,True,False,True,False,True,False
Rectifier efficiency loss (3-5 d),SITE__2048514178,2026-03-18,5,False,False,False,False,False,False,False,False,False,False,False,False,False,False
Supply interruption (1-2 d),SITE__1543193071,2026-04-10,1,False,False,True,False,True,False,False,False,False,False,True,False,False,False
Rectifier efficiency loss (3-5 d),SITE__1543193071,2026-05-28,5,False,False,False,False,False,False,False,False,False,False,False,False,False,False
Rectifier efficiency loss (3-5 d),SITE__89310575,2026-05-19,5,True,True,True,False,True,True,False,False,True,True,True,True,False,False
Rectifier efficiency loss (3-5 d),SITE__89310575,2026-04-04,4,False,False,True,True,True,True,False,False,False,False,True,True,False,False
Battery overheating (2-4 d),SITE__973783932,2026-04-05,4,False,False,True,False,True,False,False,False,False,False,True,False,False,False
Supply interruption (1-2 d),SITE__973783932,2026-06-02,2,False,False,True,False,True,False,False,False,False,False,True,False,False,False
RAN meter drift (3-5 d),SITE__2589338036,2026-05-18,3,True,False,True,True,True,True,True,False,True,False,True,True,True,False
Battery overheating (2-4 d),SITE__2589338036,2026-03-12,4,True,True,True,False,True,True,False,False,True,True,True,True,False,False
RAN meter drift (3-5 d),SITE__1611440107,2026-03-04,3,False,False,True,False,True,False,False,False,False,False,True,False,False,False
"Load drop (sector outage, 1-3 d)",SITE__1611440107,2026-05-13,3,True,False,False,False,True,False,False,False,True,False,True,False,False,False
RAN meter drift (3-5 d),SITE__2474732146,2026-05-25,4,False,False,True,False,True,False,False,False,True,False,True,False,True,False
Supply interruption (1-2 d),SITE__2474732146,2026-03-01,1,False,False,True,False,True,False,False,False,False,False,True,False,False,False
RAN meter drift (3-5 d),SITE__1862258857,2026-05-16,3,True,False,True,False,True,False,True,False,True,False,True,False,True,False
Rectifier efficiency loss (3-5 d),SITE__1862258857,2026-03-04,5,False,False,False,False,False,False,False,False,False,False,False,False,False,False
"Load drop (sector outage, 1-3 d)",SITE__1254755782,2026-05-31,3,True,False,False,False,True,False,False,False,True,False,True,False,False,False
"Load drop (sector outage, 1-3 d)",SITE__1254755782,2026-03-04,1,True,True,False,False,True,True,False,False,True,False,True,False,False,False
Supply interruption (1-2 d),SITE__1462525925,2026-04-02,1,False,False,True,False,True,False,False,False,False,False,True,False,False,False
RAN meter drift (3-5 d),SITE__1462525925,2026-05-28,3,True,False,True,False,True,False,True,False,True,False,True,False,True,False
Battery overheating (2-4 d),SITE__684945023,2026-05-16,2,False,False,True,False,True,False,False,False,False,False,True,False,False,False
Supply interruption (1-2 d),SITE__684945023,2026-02-28,1,True,True,True,False,True,True,True,False,False,False,True,False,False,False
Battery overheating (2-4 d),SITE__1113718333,2026-05-30,2,False,False,False,False,False,False,False,False,False,False,False,False,False,False
"Load surge (non-RAN load, 1 d)",SITE__1113718333,2026-03-20,1,True,False,True,False,True,False,True,False,True,False,True,False,True,False
"Load drop (sector outage, 1-3 d)",SITE__631392164,2026-04-18,2,True,True,False,False,True,True,False,False,True,True,True,True,False,False
"Load drop (sector outage, 1-3 d)",SITE__631392164,2026-03-02,1,True,False,False,False,True,False,False,False,True,False,True,False,False,False
Supply interruption (1-2 d),SITE__1918175006,2026-04-26,1,False,False,True,False,True,False,False,False,False,False,True,False,False,False
"Load drop (sector outage, 1-3 d)",SITE__1918175006,2026-03-04,3,True,True,False,False,True,True,False,False,True,False,True,False,False,False
Supply interruption (1-2 d),SITE__2540055765,2026-04-29,1,False,False,True,False,True,False,False,False,False,False,True,False,False,False
Supply interruption (1-2 d),SITE__2540055765,2026-03-13,2,False,False,True,False,True,False,False,False,False,False,True,False,False,False
Rectifier efficiency loss (3-5 d),SITE__917470087,2026-05-06,5,False,False,False,False,False,False,False,False,False,False,False,False,False,False
Battery overheating (2-4 d),SITE__917470087,2026-03-20,2,True,True,True,True,True,True,True,True,True,True,True,True,True,True
"Load surge (non-RAN load, 1 d)",SITE__1765121559,2026-04-11,1,True,False,True,False,True,False,True,False,True,False,True,False,True,False
Battery overheating (2-4 d),SITE__1765121559,2026-06-03,3,False,False,True,False,True,False,False,False,False,False,True,False,False,False
Battery overheating (2-4 d),SITE__1308366657,2026-03-21,4,False,False,False,False,False,False,False,False,False,False,False,False,False,False
"Load drop (sector outage, 1-3 d)",SITE__1308366657,2026-05-20,1,True,False,False,False,True,False,False,False,True,False,True,False,False,False
Rectifier efficiency loss (3-5 d),SITE__2295023287,2026-05-16,3,False,False,False,False,False,False,False,False,False,False,False,False,False,False
"Load drop (sector outage, 1-3 d)",SITE__2295023287,2026-02-27,1,True,False,False,False,True,False,False,False,True,False,True,False,False,False
"Load surge (non-RAN load, 1 d)",SITE__1823160401,2026-03-22,1,True,False,True,False,True,False,True,False,True,False,True,False,True,False
Rectifier efficiency loss (3-5 d),SITE__1823160401,2026-05-09,3,False,False,False,False,False,False,False,False,False,False,False,False,False,False
Battery overheating (2-4 d),SITE__2949545854,2026-05-19,4,False,False,True,False,True,False,False,False,False,False,True,False,False,False
"Load surge (non-RAN load, 1 d)",SITE__2949545854,2026-03-12,1,True,False,True,False,True,False,True,False,True,False,True,False,True,False
Rectifier efficiency loss (3-5 d),SITE__1668132943,2026-02-24,3,True,True,False,False,True,True,False,False,True,True,True,True,False,False
Battery overheating (2-4 d),SITE__1668132943,2026-04-15,3,False,False,True,True,True,True,False,False,False,False,True,True,False,False
Battery overheating (2-4 d),SITE__151995632,2026-02-26,2,False,False,True,False,True,False,False,False,False,False,True,False,False,False
RAN meter drift (3-5 d),SITE__151995632,2026-04-19,4,True,False,True,False,True,False,True,False,True,False,True,False,True,False
Supply interruption (1-2 d),SITE__1419098193,2026-03-25,1,False,False,True,False,True,False,False,False,False,False,True,False,False,False
RAN meter drift (3-5 d),SITE__1419098193,2026-05-15,4,True,False,True,False,True,False,True,False,True,False,True,False,True,False
Battery overheating (2-4 d),SITE__1553231148,2026-03-03,4,False,False,True,False,True,False,False,False,False,False,True,False,False,False
Battery overheating (2-4 d),SITE__1553231148,2026-04-23,3,False,False,False,False,False,False,False,False,False,False,False,False,False,False
"Load drop (sector outage, 1-3 d)",SITE__740874225,2026-05-27,3,True,False,False,False,True,False,False,False,True,False,True,False,False,False
Rectifier efficiency loss (3-5 d),SITE__740874225,2026-02-24,3,True,True,False,False,True,True,False,False,False,True,False,True,False,False
"Load surge (non-RAN load, 1 d)",SITE__1950837219,2026-03-30,1,True,False,True,False,True,False,True,False,True,False,True,False,True,False
Battery overheating (2-4 d),SITE__832417376,2026-05-03,2,False,False,True,False,True,False,False,False,False,False,True,False,False,False
RAN meter drift (3-5 d),SITE__832417376,2026-03-07,5,False,True,True,False,True,True,False,False,False,True,True,True,False,False
Battery overheating (2-4 d),SITE__2371881950,2026-04-16,4,False,False,True,False,True,False,False,False,False,False,True,False,False,False
Supply interruption (1-2 d),SITE__2371881950,2026-05-31,2,False,False,True,False,True,False,False,False,False,False,True,False,False,False
Battery overheating (2-4 d),SITE__1684030987,2026-05-06,3,False,False,True,True,True,True,False,False,False,False,True,True,False,False
Supply interruption (1-2 d),SITE__1684030987,2026-03-07,1,False,False,True,False,True,False,False,False,False,False,True,False,False,False
Rectifier efficiency loss (3-5 d),SITE__1980734132,2026-03-15,3,False,False,False,False,False,False,False,False,False,False,False,False,False,False
"Load drop (sector outage, 1-3 d)",SITE__1980734132,2026-05-13,3,True,False,False,False,True,False,False,False,True,False,True,False,False,False
"Load surge (non-RAN load, 1 d)",SITE__816659103,2026-03-06,1,True,False,True,False,True,False,True,False,True,False,True,False,True,False
Battery overheating (2-4 d),SITE__816659103,2026-06-03,4,False,False,True,False,True,False,False,False,False,False,True,False,False,False
Rectifier efficiency loss (3-5 d),SITE__2884273404,2026-05-17,3,False,False,False,False,False,False,False,False,False,False,False,False,False,False
"Load drop (sector outage, 1-3 d)",SITE__2884273404,2026-03-05,1,True,False,False,False,True,False,False,False,True,False,True,False,False,False
Supply interruption (1-2 d),SITE__2944641892,2026-03-26,2,False,False,True,False,True,False,False,False,False,False,True,False,False,False
RAN meter drift (3-5 d),SITE__2944641892,2026-05-28,5,False,False,True,False,True,False,False,False,True,False,True,False,True,False
Battery overheating (2-4 d),SITE__1511845783,2026-05-23,3,False,False,True,False,True,False,False,False,False,False,True,False,False,False
"Load drop (sector outage, 1-3 d)",SITE__1511845783,2026-03-16,1,True,False,False,False,True,False,False,False,True,False,True,False,False,False
Battery overheating (2-4 d),SITE__2590416164,2026-03-21,4,False,False,False,False,False,False,False,False,False,False,False,False,False,False
RAN meter drift (3-5 d),SITE__2590416164,2026-05-29,3,False,False,True,False,True,False,False,False,False,False,True,False,False,False
"Load surge (non-RAN load, 1 d)",SITE__221392717,2026-03-05,1,True,False,True,False,True,False,True,False,True,False,True,False,True,False
"Load drop (sector outage, 1-3 d)",SITE__221392717,2026-04-28,2,True,False,False,False,True,False,False,False,True,False,True,False,False,False
Supply interruption (1-2 d),SITE__2539815587,2026-03-21,2,False,False,True,False,True,False,False,False,False,False,True,False,False,False
Supply interruption (1-2 d),SITE__2539815587,2026-05-05,1,False,False,True,False,True,False,False,False,False,False,True,False,False,False
Battery overheating (2-4 d),SITE__2996747348,2026-03-08,4,False,False,True,False,True,False,False,False,False,False,True,False,False,False
Rectifier efficiency loss (3-5 d),SITE__2996747348,2026-05-10,3,True,True,False,False,True,True,False,False,False,False,False,False,False,False
"Load surge (non-RAN load, 1 d)",SITE__204767634,2026-03-15,1,True,False,True,False,True,False,True,False,True,False,True,False,True,False
"Load surge (non-RAN load, 1 d)",SITE__204767634,2026-05-28,1,True,False,True,False,True,False,True,False,True,False,True,False,True,False
Battery overheating (2-4 d),SITE__2208760704,2026-04-27,4,False,False,False,False,False,False,False,False,False,False,False,False,False,False
"Load surge (non-RAN load, 1 d)",SITE__2208760704,2026-03-13,1,True,False,True,False,True,False,True,False,True,False,True,False,True,False
"Load surge (non-RAN load, 1 d)",SITE__459014203,2026-04-06,1,True,False,True,False,True,False,True,False,True,False,True,False,True,False
"Load drop (sector outage, 1-3 d)",SITE__459014203,2026-06-01,1,True,False,False,False,True,False,False,False,True,False,True,False,False,False
Rectifier efficiency loss (3-5 d),SITE__1851289827,2026-03-03,4,True,True,False,False,True,True,False,False,False,False,False,False,False,False
"Load surge (non-RAN load, 1 d)",SITE__1851289827,2026-05-20,1,True,False,True,False,True,False,True,False,True,False,True,False,True,False
Supply interruption (1-2 d),SITE__766294299,2026-02-24,1,False,False,True,False,True,False,False,False,False,False,True,False,False,False
Supply interruption (1-2 d),SITE__2844327305,2026-03-19,2,False,False,True,False,True,False,False,False,False,False,True,False,False,False
Rectifier efficiency loss (3-5 d),SITE__2844327305,2026-05-12,3,False,False,False,False,False,False,False,False,False,False,False,False,False,False
Battery overheating (2-4 d),SITE__1988235125,2026-03-17,3,False,False,True,False,True,False,False,False,False,False,True,False,False,False
RAN meter drift (3-5 d),SITE__1988235125,2026-05-30,3,True,False,True,False,True,False,True,False,True,False,True,False,True,False
RAN meter drift (3-5 d),SITE__758125473,2026-04-23,5,False,False,True,False,True,False,False,False,False,False,True,False,False,False
Rectifier efficiency loss (3-5 d),SITE__758125473,2026-02-28,5,False,False,False,False,False,False,False,False,False,False,False,False,False,False
RAN meter drift (3-5 d),SITE__191233840,2026-04-09,3,True,True,False,False,True,True,False,False,True,True,True,True,False,False
Rectifier efficiency loss (3-5 d),SITE__191233840,2026-05-27,5,False,False,False,False,False,False,False,False,False,False,False,False,False,False
Battery overheating (2-4 d),SITE__1453613796,2026-04-19,3,False,False,True,True,True,True,False,False,False,False,True,True,False,False
RAN meter drift (3-5 d),SITE__1453613796,2026-03-03,3,True,False,True,False,True,False,True,False,False,False,True,False,False,False
RAN meter drift (3-5 d),SITE__427792744,2026-03-29,4,False,False,True,False,True,False,False,False,False,False,True,False,False,False
Battery overheating (2-4 d),SITE__427792744,2026-05-30,3,False,False,False,False,False,False,False,False,False,False,False,False,False,False
RAN meter drift (3-5 d),SITE__2899768586,2026-05-23,3,True,False,True,False,True,False,True,False,True,False,True,False,True,False
RAN meter drift (3-5 d),SITE__2899768586,2026-02-26,4,True,True,True,False,True,True,True,False,True,True,True,True,True,False
Battery overheating (2-4 d),SITE__655565304,2026-02-25,3,True,True,False,False,True,True,False,False,True,True,True,True,False,False
"Load surge (non-RAN load, 1 d)",SITE__1784982074,2026-05-14,1,True,False,True,False,True,False,True,False,True,False,True,False,True,False
"Load drop (sector outage, 1-3 d)",SITE__1784982074,2026-03-29,3,True,False,False,False,True,False,False,False,True,False,True,False,False,False
"Load drop (sector outage, 1-3 d)",SITE__485426003,2026-05-10,3,True,False,False,False,True,False,False,False,True,False,True,False,False,False
Battery overheating (2-4 d),SITE__485426003,2026-03-18,3,False,False,True,False,True,False,False,False,False,False,True,False,False,False
RAN meter drift (3-5 d),SITE__396390873,2026-06-01,3,True,True,True,True,True,True,True,True,True,True,True,True,True,True
"Load drop (sector outage, 1-3 d)",SITE__396390873,2026-03-04,2,True,True,False,False,True,True,False,False,True,False,True,False,False,False
"Load drop (sector outage, 1-3 d)",SITE__2931098736,2026-04-26,3,True,False,False,False,True,False,False,False,True,False,True,False,False,False
Supply interruption (1-2 d),SITE__2931098736,2026-03-07,2,False,False,True,False,True,False,False,False,False,False,True,False,False,False
RAN meter drift (3-5 d),SITE__416197772,2026-05-05,5,False,True,True,False,True,True,False,False,True,True,True,True,True,False
Supply interruption (1-2 d),SITE__416197772,2026-03-12,1,False,False,True,False,True,False,False,False,False,False,True,False,False,False
RAN meter drift (3-5 d),SITE__1722563327,2026-05-21,4,False,False,True,False,True,False,False,False,False,False,True,False,False,False
RAN meter drift (3-5 d),SITE__1722563327,2026-03-22,3,False,False,True,False,True,False,False,False,False,False,True,False,False,False
Supply interruption (1-2 d),SITE__665264318,2026-03-12,1,False,False,True,False,True,False,False,False,False,False,True,False,False,False
Rectifier efficiency loss (3-5 d),SITE__665264318,2026-05-06,4,False,False,False,False,False,False,False,False,False,False,False,False,False,False
Battery overheating (2-4 d),SITE__2658556934,2026-04-07,3,False,False,True,False,True,False,False,False,False,False,True,False,False,False
Rectifier efficiency loss (3-5 d),SITE__2658556934,2026-06-03,5,False,False,False,False,False,False,False,False,False,False,False,False,False,False
Battery overheating (2-4 d),SITE__2875986770,2026-04-13,3,False,False,True,False,True,False,False,False,False,False,True,False,False,False
"Load drop (sector outage, 1-3 d)",SITE__2875986770,2026-02-25,2,True,False,False,False,True,False,False,False,True,True,True,True,False,False
Rectifier efficiency loss (3-5 d),SITE__2154939233,2026-03-27,5,False,False,False,False,False,False,False,False,False,False,False,False,False,False
"Load surge (non-RAN load, 1 d)",SITE__2154939233,2026-05-21,1,True,False,True,False,True,False,True,False,True,False,True,False,True,False
Rectifier efficiency loss (3-5 d),SITE__1937387150,2026-05-16,4,False,False,False,False,False,False,False,False,False,False,False,False,False,False
RAN meter drift (3-5 d),SITE__1937387150,2026-03-04,3,True,True,True,False,True,True,True,False,False,False,True,False,False,False
RAN meter drift (3-5 d),SITE__2410132267,2026-04-10,4,True,False,True,False,True,False,True,False,True,False,True,False,True,False
Battery overheating (2-4 d),SITE__2410132267,2026-02-24,4,False,False,True,True,True,True,False,False,True,True,True,True,False,False
Rectifier efficiency loss (3-5 d),SITE__1042449062,2026-05-18,5,False,False,False,False,False,False,False,False,False,False,False,False,False,False
Supply interruption (1-2 d),SITE__1042449062,2026-03-04,2,False,False,True,False,True,False,False,False,False,False,True,False,False,False
Supply interruption (1-2 d),SITE__1038181674,2026-04-06,1,False,False,True,False,True,False,False,False,False,False,True,False,False,False
RAN meter drift (3-5 d),SITE__1038181674,2026-05-24,5,True,False,True,False,True,False,True,False,True,False,True,False,True,False
Battery overheating (2-4 d),SITE__1643630886,2026-05-06,3,False,False,True,False,True,False,False,False,False,False,True,False,False,False
Supply interruption (1-2 d),SITE__1643630886,2026-02-26,2,True,True,True,False,True,True,True,False,True,True,True,True,True,False
RAN meter drift (3-5 d),SITE__1138677113,2026-05-19,5,True,False,True,False,True,False,True,False,True,False,True,False,True,False
Supply interruption (1-2 d),SITE__1138677113,2026-03-07,1,False,False,True,False,True,False,False,False,False,False,True,False,False,False
"Load drop (sector outage, 1-3 d)",SITE__1113120849,2026-04-16,2,True,False,False,False,True,False,False,False,True,False,True,False,False,False
Battery overheating (2-4 d),SITE__1113120849,2026-02-25,2,False,False,True,False,True,False,False,False,False,False,True,False,False,False
"Load surge (non-RAN load, 1 d)",SITE__344072592,2026-05-15,1,True,False,True,False,True,False,True,False,True,False,True,False,True,False
Rectifier efficiency loss (3-5 d),SITE__344072592,2026-03-22,5,False,False,False,False,False,False,False,False,False,False,False,False,False,False
Supply interruption (1-2 d),SITE__554139897,2026-03-13,1,False,False,True,False,True,False,False,False,False,False,True,False,False,False
Rectifier efficiency loss (3-5 d),SITE__554139897,2026-05-03,4,False,False,False,False,False,False,False,False,False,False,False,False,False,False
"Load drop (sector outage, 1-3 d)",SITE__2444463309,2026-04-19,3,True,False,False,False,True,False,False,False,True,False,True,False,False,False
Battery overheating (2-4 d),SITE__2444463309,2026-03-04,4,False,False,False,False,False,False,False,False,False,False,False,False,False,False
RAN meter drift (3-5 d),SITE__277944449,2026-05-03,5,False,False,True,False,True,False,False,False,False,False,True,False,False,False
Supply interruption (1-2 d),SITE__277944449,2026-02-26,2,False,False,True,False,True,False,False,False,False,False,True,False,False,False
Rectifier efficiency loss (3-5 d),SITE__604674874,2026-05-30,3,False,False,False,False,False,False,False,False,False,False,False,False,False,False
"Load surge (non-RAN load, 1 d)",SITE__604674874,2026-03-08,1,True,False,True,False,True,False,True,False,True,False,True,False,True,False
Supply interruption (1-2 d),SITE__2607268722,2026-03-14,1,False,False,True,False,True,False,False,False,False,False,True,False,False,False
Supply interruption (1-2 d),SITE__2607268722,2026-04-28,2,False,False,True,False,True,False,False,False,False,False,True,False,False,False
"Load drop (sector outage, 1-3 d)",SITE__2172333384,2026-05-19,2,True,False,False,False,True,False,False,False,True,False,True,False,False,False
"Load drop (sector outage, 1-3 d)",SITE__2172333384,2026-03-28,3,True,False,False,False,True,False,False,False,True,False,True,False,False,False
Supply interruption (1-2 d),SITE__192929199,2026-03-09,1,False,False,True,True,True,True,False,False,False,False,True,True,False,False
RAN meter drift (3-5 d),SITE__192929199,2026-05-30,5,False,True,True,True,True,True,False,True,True,True,True,True,True,True
Battery overheating (2-4 d),SITE__542875002,2026-04-01,4,False,False,False,False,False,False,False,False,False,False,False,False,False,False
Rectifier efficiency loss (3-5 d),SITE__542875002,2026-05-31,5,False,False,False,False,False,False,False,False,False,False,False,False,False,False
RAN meter drift (3-5 d),SITE__1957361688,2026-03-26,4,True,True,True,False,True,True,True,False,True,True,True,True,True,False
RAN meter drift (3-5 d),SITE__1957361688,2026-05-12,3,False,False,True,False,True,False,False,False,False,False,True,False,False,False
"Load drop (sector outage, 1-3 d)",SITE__2319786621,2026-03-16,3,True,False,False,False,True,False,False,False,True,False,True,False,False,False
"Load surge (non-RAN load, 1 d)",SITE__2319786621,2026-05-13,1,True,False,True,False,True,False,True,False,True,False,True,False,True,False
RAN meter drift (3-5 d),SITE__423596975,2026-04-29,5,False,False,True,False,True,False,False,False,True,False,True,False,True,False
Supply interruption (1-2 d),SITE__423596975,2026-02-24,1,False,False,True,False,True,False,False,False,False,False,True,False,False,False
Battery overheating (2-4 d),SITE__1527344727,2026-04-27,3,False,False,True,False,True,False,False,False,False,False,True,False,False,False
Battery overheating (2-4 d),SITE__1527344727,2026-03-10,2,False,False,False,False,False,False,False,False,False,False,False,False,False,False
RAN meter drift (3-5 d),SITE__2647327042,2026-04-03,5,False,False,True,False,True,False,False,False,False,False,True,False,False,False
Supply interruption (1-2 d),SITE__2647327042,2026-05-21,1,False,False,True,False,True,False,False,False,False,False,True,False,False,False
Battery overheating (2-4 d),SITE__2538449551,2026-03-21,2,False,False,False,False,False,False,False,False,False,False,False,False,False,False
Supply interruption (1-2 d),SITE__2538449551,2026-05-25,2,False,False,True,False,True,False,False,False,False,False,True,False,False,False
RAN meter drift (3-5 d),SITE__1486086638,2026-03-20,5,False,False,True,False,True,False,False,False,False,False,True,False,False,False
Rectifier efficiency loss (3-5 d),SITE__1486086638,2026-05-05,4,True,True,False,False,True,True,False,False,False,False,False,False,False,False
Supply interruption (1-2 d),SITE__1525748362,2026-04-21,1,False,False,True,False,True,False,False,False,False,False,True,False,False,False
Battery overheating (2-4 d),SITE__1525748362,2026-03-01,3,False,False,True,False,True,False,False,False,False,False,True,False,False,False
Rectifier efficiency loss (3-5 d),SITE__610998675,2026-04-09,5,False,False,False,False,False,False,False,False,False,False,False,False,False,False
RAN meter drift (3-5 d),SITE__610998675,2026-06-02,4,False,False,True,False,True,False,False,False,False,False,True,False,False,False
"Load surge (non-RAN load, 1 d)",SITE__755016324,2026-03-07,1,True,True,True,False,True,True,True,False,True,True,True,True,True,False
Battery overheating (2-4 d),SITE__755016324,2026-04-24,3,True,True,True,True,True,True,False,False,True,True,True,True,False,False
Rectifier efficiency loss (3-5 d),SITE__538159564,2026-03-15,3,False,False,False,False,False,False,False,False,False,False,False,False,False,False
RAN meter drift (3-5 d),SITE__538159564,2026-05-22,4,False,False,True,False,True,False,False,False,False,False,True,False,False,False
Supply interruption (1-2 d),SITE__1387311662,2026-05-11,2,False,False,True,False,True,False,False,False,False,False,True,False,False,False
RAN meter drift (3-5 d),SITE__1387311662,2026-02-25,3,False,False,True,False,True,False,False,False,False,False,True,False,False,False
Supply interruption (1-2 d),SITE__1609045430,2026-04-26,1,False,False,True,False,True,False,False,False,False,False,True,False,False,False
"Load surge (non-RAN load, 1 d)",SITE__1609045430,2026-03-01,1,True,False,True,False,True,False,True,False,True,False,True,False,True,False
"Load surge (non-RAN load, 1 d)",SITE__41324950,2026-03-20,1,True,False,True,False,True,False,True,False,True,False,True,False,True,False
Rectifier efficiency loss (3-5 d),SITE__41324950,2026-06-02,3,False,False,False,False,False,False,False,False,False,False,False,False,False,False
Battery overheating (2-4 d),SITE__248393990,2026-05-11,4,False,False,False,False,False,False,False,False,False,False,False,False,False,False
Rectifier efficiency loss (3-5 d),SITE__248393990,2026-03-21,3,False,False,False,False,False,False,False,False,False,False,False,False,False,False
"Load drop (sector outage, 1-3 d)",SITE__1176484593,2026-04-16,1,True,False,False,False,True,False,False,False,True,False,True,False,False,False
"Load surge (non-RAN load, 1 d)",SITE__1176484593,2026-06-03,1,True,False,True,False,True,False,True,False,True,False,True,False,True,False
RAN meter drift (3-5 d),SITE__2322683581,2026-04-21,5,False,False,True,False,True,False,False,False,False,False,True,False,False,False
Battery overheating (2-4 d),SITE__2322683581,2026-03-01,4,False,False,False,False,False,False,False,False,False,False,False,False,False,False
"Load surge (non-RAN load, 1 d)",SITE__866741313,2026-03-05,1,True,False,True,False,True,False,True,False,True,False,True,False,True,False
Battery overheating (2-4 d),SITE__866741313,2026-05-02,2,False,False,True,False,True,False,False,False,False,False,True,False,False,False
Rectifier efficiency loss (3-5 d),SITE__2056810308,2026-05-31,4,False,False,False,False,False,False,False,False,False,False,False,False,False,False
RAN meter drift (3-5 d),SITE__2056810308,2026-03-17,5,False,False,True,False,True,False,False,False,True,False,True,False,True,False
Supply interruption (1-2 d),SITE__1217874289,2026-05-17,1,False,False,True,False,True,False,False,False,False,False,True,False,False,False
RAN meter drift (3-5 d),SITE__1217874289,2026-03-25,3,False,False,True,False,True,False,False,False,False,False,True,False,False,False
RAN meter drift (3-5 d),SITE__486590923,2026-06-02,3,False,False,True,False,True,False,False,False,False,False,True,False,False,False
"Load surge (non-RAN load, 1 d)",SITE__486590923,2026-04-09,1,True,False,True,False,True,False,True,False,True,False,True,False,True,False
Battery overheating (2-4 d),SITE__2000851353,2026-02-25,3,False,False,True,False,True,False,False,False,False,False,True,False,False,False
"Load surge (non-RAN load, 1 d)",SITE__2000851353,2026-05-14,1,True,False,True,False,True,False,True,False,True,False,True,False,True,False
Battery overheating (2-4 d),SITE__2685453352,2026-03-29,3,False,False,True,False,True,False,False,False,False,False,True,False,False,False
"Load surge (non-RAN load, 1 d)",SITE__2685453352,2026-05-27,1,True,True,True,False,True,True,True,False,True,True,True,True,True,False
Supply interruption (1-2 d),SITE__2009467747,2026-05-08,1,False,False,True,False,True,False,False,False,True,True,True,True,True,False
"Load surge (non-RAN load, 1 d)",SITE__2009467747,2026-02-26,1,True,False,True,False,True,False,True,False,True,False,True,False,True,False
"Load surge (non-RAN load, 1 d)",SITE__2656772870,2026-04-08,1,True,False,True,False,True,False,True,False,True,False,True,False,True,False
"Load drop (sector outage, 1-3 d)",SITE__2656772870,2026-05-26,1,True,False,False,False,True,False,False,False,True,False,True,False,False,False
"Load surge (non-RAN load, 1 d)",SITE__2565917377,2026-04-29,1,True,False,True,False,True,False,True,False,True,False,True,False,True,False
RAN meter drift (3-5 d),SITE__2565917377,2026-03-09,3,True,False,True,True,True,True,True,False,True,False,True,True,True,False
Supply interruption (1-2 d),SITE__2049209,2026-05-30,2,False,False,True,False,True,False,False,False,False,False,True,False,False,False
"Load drop (sector outage, 1-3 d)",SITE__2049209,2026-02-24,2,True,False,False,False,True,False,False,False,True,False,True,False,False,False
Battery overheating (2-4 d),SITE__2221144716,2026-05-21,2,False,False,False,False,False,False,False,False,False,False,False,False,False,False
Battery overheating (2-4 d),SITE__2221144716,2026-04-03,3,False,False,False,False,False,False,False,False,False,False,False,False,False,False
"Load drop (sector outage, 1-3 d)",SITE__2231037413,2026-04-11,1,True,False,False,False,True,False,False,False,True,False,True,False,False,False
Supply interruption (1-2 d),SITE__2231037413,2026-05-29,2,True,True,True,False,True,True,True,False,True,True,True,True,True,False
Supply interruption (1-2 d),SITE__2613949192,2026-05-15,2,False,False,True,False,True,False,False,False,False,False,True,False,False,False
RAN meter drift (3-5 d),SITE__2613949192,2026-03-13,4,False,False,True,False,True,False,False,False,False,False,True,False,False,False
Battery overheating (2-4 d),SITE__1724977285,2026-03-10,4,False,False,True,True,True,True,False,False,False,False,True,True,False,False
Battery overheating (2-4 d),SITE__1724977285,2026-05-17,2,True,True,True,True,True,True,True,True,False,False,True,True,False,False
Battery overheating (2-4 d),SITE__69740426,2026-03-02,4,False,False,True,False,True,False,False,False,False,False,True,False,False,False
Supply interruption (1-2 d),SITE__69740426,2026-04-17,2,False,False,True,False,True,False,False,False,False,False,True,False,False,False
"Load drop (sector outage, 1-3 d)",SITE__2730865415,2026-05-05,3,True,False,False,False,True,False,False,False,True,False,True,False,False,False
"Load surge (non-RAN load, 1 d)",SITE__2730865415,2026-03-14,1,True,False,True,False,True,False,True,False,True,False,True,False,True,False
Battery overheating (2-4 d),SITE__140518423,2026-03-17,3,False,False,False,False,False,False,False,False,False,False,False,False,False,False
Rectifier efficiency loss (3-5 d),SITE__140518423,2026-05-03,3,False,False,True,True,True,True,False,False,False,False,True,True,False,False
"Load drop (sector outage, 1-3 d)",SITE__2199829398,2026-05-26,3,True,False,False,False,True,False,False,False,True,False,True,False,False,False
RAN meter drift (3-5 d),SITE__2199829398,2026-03-13,3,False,False,True,True,True,True,False,False,False,False,True,True,False,False
"Load drop (sector outage, 1-3 d)",SITE__1264191734,2026-02-28,1,True,False,False,False,True,False,False,False,True,False,True,False,False,False
"Load drop (sector outage, 1-3 d)",SITE__1264191734,2026-04-29,1,True,False,False,False,True,False,False,False,True,False,True,False,False,False
"Load drop (sector outage, 1-3 d)",SITE__2917522110,2026-04-02,3,True,True,False,False,True,True,False,False,True,False,True,False,False,False
Supply interruption (1-2 d),SITE__2917522110,2026-05-29,2,False,False,True,False,True,False,False,False,False,False,True,False,False,False
Rectifier efficiency loss (3-5 d),SITE__1805065981,2026-05-29,4,False,False,False,False,False,False,False,False,False,False,False,False,False,False
Rectifier efficiency loss (3-5 d),SITE__1805065981,2026-03-04,3,True,True,True,True,True,True,False,False,False,False,True,True,False,False
Supply interruption (1-2 d),SITE__1367452201,2026-02-26,1,False,False,True,False,True,False,False,False,False,False,True,False,False,False
"Load drop (sector outage, 1-3 d)",SITE__1367452201,2026-05-02,2,True,False,False,False,True,False,False,False,True,False,True,False,False,False
Supply interruption (1-2 d),SITE__1921079541,2026-04-05,2,False,False,True,False,True,False,False,False,False,False,True,False,False,False
Rectifier efficiency loss (3-5 d),SITE__1921079541,2026-05-27,4,True,True,False,False,True,True,False,False,True,True,True,True,False,False
"Load drop (sector outage, 1-3 d)",SITE__2665096756,2026-04-26,3,True,False,False,False,True,False,False,False,True,False,True,False,False,False
Rectifier efficiency loss (3-5 d),SITE__2665096756,2026-03-04,4,False,False,False,False,False,False,False,False,False,False,False,False,False,False
Rectifier efficiency loss (3-5 d),SITE__1831495834,2026-05-17,3,False,False,False,False,False,False,False,False,False,False,False,False,False,False
"Load surge (non-RAN load, 1 d)",SITE__1831495834,2026-03-09,1,True,False,True,False,True,False,True,False,True,False,True,False,True,False
"Load surge (non-RAN load, 1 d)",SITE__1330874874,2026-04-21,1,True,False,True,False,True,False,True,False,True,False,True,False,True,False
"Load drop (sector outage, 1-3 d)",SITE__1330874874,2026-03-01,1,True,False,False,False,True,False,False,False,True,False,True,False,False,False
RAN meter drift (3-5 d),SITE__2800172163,2026-05-05,3,False,False,True,False,True,False,False,False,False,False,True,False,False,False
Rectifier efficiency loss (3-5 d),SITE__2800172163,2026-03-16,4,False,False,False,False,False,False,False,False,False,False,False,False,False,False
Battery overheating (2-4 d),SITE__927460960,2026-05-06,2,False,False,False,False,False,False,False,False,False,False,False,False,False,False
"Load surge (non-RAN load, 1 d)",SITE__927460960,2026-03-07,1,True,False,True,False,True,False,True,False,True,False,True,False,True,False
RAN meter drift (3-5 d),SITE__492032988,2026-04-29,5,True,True,True,False,True,True,True,False,True,True,True,True,True,False
"Load drop (sector outage, 1-3 d)",SITE__492032988,2026-02-27,1,True,True,False,False,True,True,False,False,True,True,True,True,False,False
"Load surge (non-RAN load, 1 d)",SITE__1089430353,2026-03-18,1,True,False,True,False,True,False,True,False,True,False,True,False,True,False
RAN meter drift (3-5 d),SITE__1089430353,2026-05-22,5,True,False,True,False,True,False,True,False,True,False,True,False,True,False
Supply interruption (1-2 d),SITE__1878524854,2026-03-31,2,False,False,True,False,True,False,False,False,False,False,True,False,False,False
Rectifier efficiency loss (3-5 d),SITE__1878524854,2026-05-16,4,False,False,False,False,False,False,False,False,False,False,False,False,False,False
"Load drop (sector outage, 1-3 d)",SITE__356459323,2026-04-17,3,True,False,False,False,True,False,False,False,True,False,True,False,False,False
Supply interruption (1-2 d),SITE__356459323,2026-02-24,2,False,False,True,False,True,False,False,False,False,False,True,False,False,False
"Load drop (sector outage, 1-3 d)",SITE__215046201,2026-03-10,1,True,False,False,False,True,False,False,False,True,False,True,False,False,False
Rectifier efficiency loss (3-5 d),SITE__215046201,2026-05-19,4,False,False,False,False,False,False,False,False,False,False,False,False,False,False
RAN meter drift (3-5 d),SITE__2520744106,2026-03-04,3,False,False,True,False,True,False,False,False,False,False,True,False,False,False
"Load surge (non-RAN load, 1 d)",SITE__2520744106,2026-05-27,1,True,False,True,False,True,False,True,False,True,False,True,False,True,False
"Load drop (sector outage, 1-3 d)",SITE__2917762397,2026-05-15,1,True,False,False,False,True,False,False,False,True,False,True,False,False,False
Battery overheating (2-4 d),SITE__2917762397,2026-03-21,4,False,False,False,False,False,False,False,False,False,False,False,False,False,False
"Load surge (non-RAN load, 1 d)",SITE__103177171,2026-04-20,1,True,False,True,False,True,False,True,False,True,False,True,False,True,False
RAN meter drift (3-5 d),SITE__103177171,2026-02-26,4,True,True,True,False,True,True,True,False,False,False,True,False,False,False
Battery overheating (2-4 d),SITE__243738296,2026-03-05,2,False,False,True,False,True,False,False,False,False,False,True,False,False,False
Rectifier efficiency loss (3-5 d),SITE__243738296,2026-05-24,5,True,True,False,False,True,True,False,False,True,True,True,True,False,False
"Load surge (non-RAN load, 1 d)",SITE__25681176,2026-03-04,1,True,False,True,False,True,False,True,False,True,False,True,False,True,False
Battery overheating (2-4 d),SITE__25681176,2026-04-29,2,False,False,True,False,True,False,False,False,False,False,True,False,False,False
Rectifier efficiency loss (3-5 d),SITE__1183959987,2026-04-02,4,False,False,False,False,False,False,False,False,False,False,False,False,False,False
RAN meter drift (3-5 d),SITE__1183959987,2026-05-30,4,True,False,True,False,True,False,True,False,True,False,True,False,True,False
Rectifier efficiency loss (3-5 d),SITE__2681167928,2026-03-20,3,False,False,False,False,False,False,False,False,False,False,False,False,False,False
"Load surge (non-RAN load, 1 d)",SITE__2681167928,2026-05-12,1,True,False,True,False,True,False,True,False,True,False,True,False,True,False
"Load drop (sector outage, 1-3 d)",SITE__1711124491,2026-03-17,2,True,False,False,False,True,False,False,False,True,False,True,False,False,False
Rectifier efficiency loss (3-5 d),SITE__1711124491,2026-05-25,5,False,False,False,False,False,False,False,False,False,False,False,False,False,False
Battery overheating (2-4 d),SITE__199057738,2026-05-27,4,False,False,True,False,True,False,False,False,False,False,True,False,False,False
Battery overheating (2-4 d),SITE__199057738,2026-03-31,4,False,False,False,False,False,False,False,False,False,False,False,False,False,False
Supply interruption (1-2 d),SITE__538851299,2026-03-23,1,False,False,True,False,True,False,False,False,False,False,True,False,False,False
Rectifier efficiency loss (3-5 d),SITE__538851299,2026-06-03,5,False,False,True,False,True,False,False,False,False,False,True,False,False,False
Battery overheating (2-4 d),SITE__2020553017,2026-03-18,4,False,False,True,False,True,False,False,False,False,False,True,False,False,False
RAN meter drift (3-5 d),SITE__2020553017,2026-05-26,3,False,False,True,False,True,False,False,False,False,False,True,False,False,False
Supply interruption (1-2 d),SITE__343356219,2026-04-30,2,False,False,True,False,True,False,False,False,False,False,True,False,False,False
"Load drop (sector outage, 1-3 d)",SITE__343356219,2026-03-15,1,True,False,False,False,True,False,False,False,True,False,True,False,False,False
Supply interruption (1-2 d),SITE__1848896891,2026-04-08,2,False,False,True,False,True,False,False,False,False,False,True,False,False,False
Rectifier efficiency loss (3-5 d),SITE__1848896891,2026-05-27,3,False,False,False,False,False,False,False,False,False,False,False,False,False,False
Supply interruption (1-2 d),SITE__429110682,2026-02-27,1,False,False,True,False,True,False,False,False,False,False,True,False,False,False
"Load drop (sector outage, 1-3 d)",SITE__429110682,2026-04-15,1,True,False,False,False,True,False,False,False,True,False,True,False,False,False
Supply interruption (1-2 d),SITE__1661581478,2026-05-01,1,False,False,True,False,True,False,False,False,False,False,True,False,False,False
Battery overheating (2-4 d),SITE__1661581478,2026-03-12,3,False,False,False,False,False,False,False,False,False,False,False,False,False,False
Rectifier efficiency loss (3-5 d),SITE__1534113752,2026-04-19,3,False,False,False,False,False,False,False,False,False,False,False,False,False,False
Rectifier efficiency loss (3-5 d),SITE__1534113752,2026-02-25,4,False,False,False,False,False,False,False,False,True,True,True,True,False,False
Supply interruption (1-2 d),SITE__332623774,2026-02-25,2,False,False,True,False,True,False,False,False,False,False,True,False,False,False
Rectifier efficiency loss (3-5 d),SITE__67068920,2026-05-05,3,False,False,True,False,True,False,False,False,False,False,True,False,False,False
Rectifier efficiency loss (3-5 d),SITE__67068920,2026-03-03,3,False,False,True,True,True,True,False,False,False,False,True,True,False,False
RAN meter drift (3-5 d),SITE__2676333055,2026-05-31,3,True,False,False,False,True,False,False,False,True,False,True,False,False,False
RAN meter drift (3-5 d),SITE__2676333055,2026-03-06,3,False,False,False,False,False,False,False,False,False,False,False,False,False,False
Battery overheating (2-4 d),SITE__2497438365,2026-04-27,2,False,False,True,False,True,False,False,False,False,False,True,False,False,False
"Load drop (sector outage, 1-3 d)",SITE__2497438365,2026-02-26,3,True,False,False,False,True,False,False,False,True,False,True,False,False,False
Battery overheating (2-4 d),SITE__1766411149,2026-04-30,4,False,False,True,False,True,False,False,False,False,False,True,False,False,False
Rectifier efficiency loss (3-5 d),SITE__1766411149,2026-03-08,3,True,True,False,False,True,True,False,False,False,False,False,False,False,False
Supply interruption (1-2 d),SITE__484640994,2026-02-25,1,False,False,True,False,True,False,False,False,False,False,True,False,False,False
RAN meter drift (3-5 d),SITE__484640994,2026-05-22,4,False,False,True,False,True,False,False,False,False,False,True,False,False,False
Battery overheating (2-4 d),SITE__1564250001,2026-03-06,3,False,False,True,False,True,False,False,False,False,False,True,False,False,False
RAN meter drift (3-5 d),SITE__1564250001,2026-06-02,3,False,False,True,False,True,False,False,False,False,False,True,False,False,False
Supply interruption (1-2 d),SITE__389548705,2026-03-13,2,False,False,True,False,True,False,False,False,False,False,True,False,False,False
Rectifier efficiency loss (3-5 d),SITE__389548705,2026-05-25,3,False,False,False,False,False,False,False,False,False,False,False,False,False,False
Rectifier efficiency loss (3-5 d),SITE__2996392898,2026-02-26,3,True,True,False,False,True,True,False,False,False,False,False,False,False,False
"Load surge (non-RAN load, 1 d)",SITE__2996392898,2026-05-15,1,True,False,True,False,True,False,True,False,True,False,True,False,True,False
"Load surge (non-RAN load, 1 d)",SITE__2549945483,2026-03-25,1,True,False,True,False,True,False,True,False,True,False,True,False,True,False
Supply interruption (1-2 d),SITE__2549945483,2026-05-23,1,False,False,True,False,True,False,False,False,False,False,True,False,False,False
Rectifier efficiency loss (3-5 d),SITE__1355011242,2026-05-08,3,False,False,False,False,False,False,False,False,False,False,False,False,False,False
"Load surge (non-RAN load, 1 d)",SITE__1355011242,2026-02-28,1,True,True,True,False,True,True,True,False,True,False,True,False,True,False
Supply interruption (1-2 d),SITE__1805668015,2026-03-10,1,False,False,True,False,True,False,False,False,False,False,True,False,False,False
Battery overheating (2-4 d),SITE__1805668015,2026-05-07,4,True,True,True,False,True,True,True,False,True,True,True,True,True,False
Rectifier efficiency loss (3-5 d),SITE__1449628430,2026-05-18,3,False,False,False,False,False,False,False,False,False,False,False,False,False,False
RAN meter drift (3-5 d),SITE__1449628430,2026-03-17,3,False,False,True,False,True,False,False,False,False,False,True,False,False,False
"Load drop (sector outage, 1-3 d)",SITE__598097835,2026-03-26,3,True,False,False,False,True,False,False,False,True,False,True,False,False,False
Supply interruption (1-2 d),SITE__598097835,2026-05-27,2,False,False,True,False,True,False,False,False,False,False,True,False,False,False
Battery overheating (2-4 d),SITE__203627654,2026-05-23,4,False,False,True,False,True,False,False,False,False,False,True,False,False,False
Battery overheating (2-4 d),SITE__203627654,2026-03-28,3,False,False,False,False,False,False,False,False,False,False,False,False,False,False
"Load surge (non-RAN load, 1 d)",SITE__398938505,2026-03-12,1,True,False,True,False,True,False,True,False,True,False,True,False,True,False
"Load surge (non-RAN load, 1 d)",SITE__398938505,2026-05-10,1,True,False,True,False,True,False,True,False,True,False,True,False,True,False
"Load drop (sector outage, 1-3 d)",SITE__2325760332,2026-05-23,2,True,False,False,False,True,False,False,False,True,False,True,False,False,False
Rectifier efficiency loss (3-5 d),SITE__2325760332,2026-03-20,3,False,False,False,False,False,False,False,False,False,False,False,False,False,False
Supply interruption (1-2 d),SITE__2054571408,2026-06-02,1,False,False,True,False,True,False,False,False,False,False,True,False,False,False
Rectifier efficiency loss (3-5 d),SITE__2054571408,2026-03-25,4,False,False,False,False,False,False,False,False,False,False,False,False,False,False
Supply interruption (1-2 d),SITE__2798171666,2026-05-08,1,False,False,True,False,True,False,False,False,False,False,True,False,False,False
Rectifier efficiency loss (3-5 d),SITE__2798171666,2026-03-13,4,False,False,False,False,False,False,False,False,False,False,False,False,False,False
Battery overheating (2-4 d),SITE__1445327154,2026-03-22,3,True,True,True,False,True,True,False,False,False,False,True,False,False,False
Battery overheating (2-4 d),SITE__1445327154,2026-05-18,4,False,False,True,False,True,False,False,False,False,False,True,False,False,False
"Load surge (non-RAN load, 1 d)",SITE__169776838,2026-03-07,1,True,False,True,False,True,False,True,False,True,False,True,False,True,False
RAN meter drift (3-5 d),SITE__169776838,2026-05-17,5,True,False,True,False,True,False,True,False,True,False,True,False,True,False
RAN meter drift (3-5 d),SITE__1931149113,2026-04-07,5,False,False,True,False,True,False,False,False,False,False,True,False,False,False
"Load surge (non-RAN load, 1 d)",SITE__1931149113,2026-05-29,1,True,False,False,False,True,False,False,False,True,False,True,False,False,False
"Load surge (non-RAN load, 1 d)",SITE__1141392575,2026-05-20,1,True,False,True,False,True,False,True,False,True,False,True,False,True,False
Battery overheating (2-4 d),SITE__1141392575,2026-03-04,3,True,True,True,False,True,True,False,False,True,True,True,True,True,False
"Load drop (sector outage, 1-3 d)",SITE__1736656579,2026-04-29,2,True,False,False,False,True,False,False,False,True,False,True,False,False,False
Rectifier efficiency loss (3-5 d),SITE__1736656579,2026-03-03,3,False,False,False,False,False,False,False,False,False,False,False,False,False,False
RAN meter drift (3-5 d),SITE__870931754,2026-03-17,5,True,False,True,False,True,False,True,False,False,False,True,False,False,False
"Load surge (non-RAN load, 1 d)",SITE__870931754,2026-05-16,1,True,False,True,False,True,False,True,False,True,False,True,False,True,False
"Load surge (non-RAN load, 1 d)",SITE__183929694,2026-05-30,1,True,False,True,False,True,False,True,False,True,False,True,False,True,False
Battery overheating (2-4 d),SITE__183929694,2026-03-26,2,False,False,True,False,True,False,False,False,True,True,True,True,True,False
RAN meter drift (3-5 d),SITE__879423592,2026-05-01,4,False,False,True,False,True,False,False,False,False,False,True,False,False,False
Rectifier efficiency loss (3-5 d),SITE__879423592,2026-02-24,4,True,True,False,False,True,True,False,False,True,True,True,True,False,False
RAN meter drift (3-5 d),SITE__369152227,2026-04-11,3,False,False,True,False,True,False,False,False,True,True,True,True,True,False
"Load drop (sector outage, 1-3 d)",SITE__369152227,2026-06-03,3,True,False,False,False,True,False,False,False,True,False,True,False,False,False
Rectifier efficiency loss (3-5 d),SITE__540818873,2026-04-26,5,True,True,True,True,True,True,True,True,True,True,True,True,True,True
"Load surge (non-RAN load, 1 d)",SITE__540818873,2026-03-09,1,True,False,True,True,True,True,True,False,True,False,True,True,True,False
Battery overheating (2-4 d),SITE__2139613581,2026-03-31,2,False,False,True,False,True,False,False,False,False,False,True,False,False,False
Battery overheating (2-4 d),SITE__2139613581,2026-05-28,4,False,False,True,True,True,True,False,False,False,False,True,True,False,False
"Load drop (sector outage, 1-3 d)",SITE__2019625448,2026-05-08,1,True,False,False,False,True,False,False,False,True,False,True,False,False,False
"Load surge (non-RAN load, 1 d)",SITE__2019625448,2026-03-16,1,True,False,True,False,True,False,True,False,True,False,True,False,True,False
Battery overheating (2-4 d),SITE__168186385,2026-03-19,3,False,False,True,False,True,False,False,False,False,False,True,False,False,False
"Load surge (non-RAN load, 1 d)",SITE__168186385,2026-05-09,1,True,False,True,False,True,False,True,False,True,False,True,False,True,False
"Load drop (sector outage, 1-3 d)",SITE__1181415109,2026-03-12,1,True,False,False,False,True,False,False,False,True,False,True,False,False,False
Battery overheating (2-4 d),SITE__1181415109,2026-04-28,4,False,False,True,False,True,False,False,False,False,False,True,False,False,False
RAN meter drift (3-5 d),SITE__2718130696,2026-05-22,4,False,False,True,False,True,False,False,False,False,False,True,False,False,False
Battery overheating (2-4 d),SITE__2718130696,2026-02-24,4,False,False,True,False,True,False,False,False,False,False,True,False,False,False
"Load surge (non-RAN load, 1 d)",SITE__359835973,2026-05-25,1,True,False,True,False,True,False,True,False,True,False,True,False,True,False
Battery overheating (2-4 d),SITE__359835973,2026-03-07,2,False,False,True,False,True,False,False,False,False,False,True,False,False,False
"Load surge (non-RAN load, 1 d)",SITE__2672497240,2026-03-16,1,True,False,True,False,True,False,True,False,True,False,True,False,True,False
RAN meter drift (3-5 d),SITE__2672497240,2026-05-17,3,True,True,True,False,True,True,True,False,True,False,True,False,True,False
"Load drop (sector outage, 1-3 d)",SITE__2510869255,2026-06-03,2,True,False,False,False,True,False,False,False,True,False,True,False,False,False
"Load surge (non-RAN load, 1 d)",SITE__2510869255,2026-03-07,1,True,False,True,False,True,False,True,False,True,False,True,False,True,False
"Load surge (non-RAN load, 1 d)",SITE__2146195660,2026-04-27,1,True,False,True,False,True,False,True,False,True,False,True,False,True,False
Supply interruption (1-2 d),SITE__2146195660,2026-03-06,1,True,True,True,False,True,True,True,False,True,True,True,True,True,False
Battery overheating (2-4 d),SITE__1083997364,2026-02-24,3,False,False,True,False,True,False,False,False,False,False,True,False,False,False
Battery overheating (2-4 d),SITE__1083997364,2026-06-02,4,False,False,True,False,True,False,False,False,False,False,True,False,False,False
Supply interruption (1-2 d),SITE__1743729190,2026-04-17,2,False,False,True,False,True,False,False,False,False,False,True,False,False,False
Supply interruption (1-2 d),SITE__1743729190,2026-02-24,2,False,False,True,False,True,False,False,False,False,False,True,False,False,False
"Load surge (non-RAN load, 1 d)",SITE__23274971,2026-05-23,1,True,False,True,False,True,False,True,False,True,False,True,False,True,False
Battery overheating (2-4 d),SITE__23274971,2026-02-28,2,False,False,True,False,True,False,False,False,False,False,True,False,False,False
RAN meter drift (3-5 d),SITE__1902225379,2026-03-09,3,True,False,True,False,True,False,True,False,True,False,True,False,True,False
Supply interruption (1-2 d),SITE__1902225379,2026-04-30,2,False,False,True,False,True,False,False,False,True,True,True,True,True,False
Supply interruption (1-2 d),SITE__2280274486,2026-04-25,1,False,False,True,False,True,False,False,False,False,False,True,False,False,False
"Load drop (sector outage, 1-3 d)",SITE__2280274486,2026-03-03,3,True,False,False,False,True,False,False,False,True,False,True,False,False,False
"Load drop (sector outage, 1-3 d)",SITE__2299815525,2026-04-26,3,True,False,False,False,True,False,False,False,True,False,True,False,False,False
Rectifier efficiency loss (3-5 d),SITE__2299815525,2026-02-27,4,True,True,False,False,True,True,False,False,False,False,False,False,False,False
Battery overheating (2-4 d),SITE__1853479358,2026-03-09,3,False,False,True,False,True,False,False,False,False,False,True,False,False,False
Rectifier efficiency loss (3-5 d),SITE__1853479358,2026-05-11,5,False,False,True,True,True,True,False,False,False,False,True,True,False,False
Rectifier efficiency loss (3-5 d),SITE__1926219894,2026-05-03,4,False,False,False,False,False,False,False,False,False,False,False,False,False,False
Rectifier efficiency loss (3-5 d),SITE__1926219894,2026-03-13,4,False,False,False,False,False,False,False,False,False,False,False,False,False,False
Battery overheating (2-4 d),SITE__1149485180,2026-03-30,3,False,False,True,True,True,True,False,False,False,False,True,True,False,False
Supply interruption (1-2 d),SITE__1149485180,2026-05-17,2,False,False,True,False,True,False,False,False,False,False,True,False,False,False
Battery overheating (2-4 d),SITE__741781976,2026-05-20,2,False,False,True,False,True,False,False,False,False,False,True,False,False,False
"Load drop (sector outage, 1-3 d)",SITE__741781976,2026-03-10,2,True,False,False,False,True,False,False,False,True,False,True,False,False,False
Battery overheating (2-4 d),SITE__2626522342,2026-04-21,4,False,False,True,False,True,False,False,False,False,False,True,False,False,False
"Load surge (non-RAN load, 1 d)",SITE__2626522342,2026-02-25,1,True,False,True,False,True,False,True,False,True,False,True,False,True,False
Rectifier efficiency loss (3-5 d),SITE__924714774,2026-05-21,4,False,False,False,False,False,False,False,False,False,False,False,False,False,False
"Load drop (sector outage, 1-3 d)",SITE__924714774,2026-03-24,1,True,False,False,False,True,False,False,False,True,False,True,False,False,False
RAN meter drift (3-5 d),SITE__1650791343,2026-03-08,3,True,True,True,False,True,True,True,False,True,True,True,True,True,False
RAN meter drift (3-5 d),SITE__1650791343,2026-05-06,3,True,True,True,True,True,True,True,True,True,True,True,True,True,True
RAN meter drift (3-5 d),SITE__274429693,2026-04-05,5,False,False,True,True,True,True,False,False,True,False,True,True,True,False
RAN meter drift (3-5 d),SITE__274429693,2026-05-28,5,False,False,True,False,True,False,False,False,False,False,True,False,False,False
"Load drop (sector outage, 1-3 d)",SITE__1923549399,2026-04-10,3,True,False,False,False,True,False,False,False,True,False,True,False,False,False
"Load surge (non-RAN load, 1 d)",SITE__1923549399,2026-05-25,1,True,False,True,False,True,False,True,False,True,False,True,False,True,False
Battery overheating (2-4 d),SITE__462233874,2026-05-09,2,False,False,True,False,True,False,False,False,False,False,True,False,False,False
"Load surge (non-RAN load, 1 d)",SITE__462233874,2026-03-25,1,True,False,True,False,True,False,True,False,True,False,True,False,True,False
Battery overheating (2-4 d),SITE__2431489488,2026-05-06,3,False,False,True,False,True,False,False,False,False,False,True,False,False,False
"Load drop (sector outage, 1-3 d)",SITE__2431489488,2026-02-28,3,True,False,False,False,True,False,False,False,True,False,True,False,False,False
Rectifier efficiency loss (3-5 d),SITE__1212664108,2026-05-23,5,True,True,False,False,True,True,False,False,True,True,True,True,False,False
Battery overheating (2-4 d),SITE__1212664108,2026-03-08,3,False,False,True,False,True,False,False,False,False,False,True,False,False,False
Supply interruption (1-2 d),SITE__629595491,2026-05-18,2,False,False,True,False,True,False,False,False,False,False,True,False,False,False
Rectifier efficiency loss (3-5 d),SITE__629595491,2026-02-28,3,False,False,False,False,False,False,False,False,False,False,False,False,False,False
Supply interruption (1-2 d),SITE__2791683093,2026-04-12,1,False,False,True,False,True,False,False,False,False,False,True,False,False,False
"Load surge (non-RAN load, 1 d)",SITE__2791683093,2026-05-29,1,True,False,True,False,True,False,True,False,True,False,True,False,True,False
Battery overheating (2-4 d),SITE__2078970941,2026-04-07,4,False,False,True,False,True,False,False,False,False,False,True,False,False,False
"Load drop (sector outage, 1-3 d)",SITE__2078970941,2026-06-03,2,True,False,False,False,True,False,False,False,True,False,True,False,False,False
Supply interruption (1-2 d),SITE__2442023470,2026-05-08,1,False,False,True,False,True,False,False,False,False,False,True,False,False,False
Rectifier efficiency loss (3-5 d),SITE__2442023470,2026-03-15,4,False,False,False,False,False,False,False,False,False,False,False,False,False,False
"Load surge (non-RAN load, 1 d)",SITE__1208334664,2026-02-25,1,True,False,True,False,True,False,True,False,True,False,True,False,True,False
Rectifier efficiency loss (3-5 d),SITE__1208334664,2026-05-26,3,False,False,False,False,False,False,False,False,False,False,False,False,False,False
"Load surge (non-RAN load, 1 d)",SITE__1560994942,2026-05-25,1,True,False,False,False,True,False,False,False,True,False,True,False,False,False
RAN meter drift (3-5 d),SITE__1560994942,2026-04-06,3,False,False,True,False,True,False,False,False,False,False,True,False,False,False
RAN meter drift (3-5 d),SITE__745276978,2026-04-10,4,False,False,True,False,True,False,False,False,False,False,True,False,False,False
Supply interruption (1-2 d),SITE__745276978,2026-05-27,2,False,False,True,False,True,False,False,False,False,False,True,False,False,False
Supply interruption (1-2 d),SITE__800718497,2026-03-31,2,False,False,True,False,True,False,False,False,False,False,True,False,False,False
Battery overheating (2-4 d),SITE__800718497,2026-05-20,4,False,False,True,False,True,False,False,False,False,False,True,False,False,False
Rectifier efficiency loss (3-5 d),SITE__2979326317,2026-03-07,4,False,False,False,False,False,False,False,False,False,False,False,False,False,False
Rectifier efficiency loss (3-5 d),SITE__2979326317,2026-04-28,4,False,False,False,False,False,False,False,False,False,False,False,False,False,False
"Load surge (non-RAN load, 1 d)",SITE__783591979,2026-03-04,1,True,False,True,True,True,True,True,False,True,False,True,True,True,False
"Load drop (sector outage, 1-3 d)",SITE__783591979,2026-05-25,3,True,False,True,True,True,True,True,False,True,False,True,True,True,False
Rectifier efficiency loss (3-5 d),SITE__1094674654,2026-03-20,3,False,False,False,False,False,False,False,False,False,False,False,False,False,False
Supply interruption (1-2 d),SITE__1094674654,2026-06-01,1,False,False,True,False,True,False,False,False,False,False,True,False,False,False
"Load drop (sector outage, 1-3 d)",SITE__1702397911,2026-04-25,3,True,False,False,False,True,False,False,False,True,False,True,False,False,False
Battery overheating (2-4 d),SITE__1702397911,2026-03-10,4,False,False,True,False,True,False,False,False,True,True,True,True,True,False
Supply interruption (1-2 d),SITE__2947552435,2026-03-20,2,True,True,True,False,True,True,True,False,True,True,True,True,True,False
Battery overheating (2-4 d),SITE__2947552435,2026-05-09,3,True,True,True,False,True,True,True,False,True,True,True,True,True,False
Supply interruption (1-2 d),SITE__74140377,2026-03-13,1,False,False,True,False,True,False,False,False,False,False,True,False,False,False
Rectifier efficiency loss (3-5 d),SITE__74140377,2026-05-16,5,True,True,True,True,True,True,True,True,True,True,True,True,True,True
Rectifier efficiency loss (3-5 d),SITE__2057084177,2026-03-14,5,False,False,False,False,False,False,False,False,False,False,False,False,False,False
Battery overheating (2-4 d),SITE__2057084177,2026-05-03,2,False,False,False,False,False,False,False,False,False,False,False,False,False,False
Rectifier efficiency loss (3-5 d),SITE__1417670441,2026-05-14,3,False,False,False,False,False,False,False,False,False,False,False,False,False,False
"Load drop (sector outage, 1-3 d)",SITE__1417670441,2026-02-27,1,True,False,False,False,True,False,False,False,True,False,True,False,False,False
Supply interruption (1-2 d),SITE__520763337,2026-05-04,2,False,False,True,False,True,False,False,False,False,False,True,False,False,False
"Load drop (sector outage, 1-3 d)",SITE__520763337,2026-03-14,2,True,False,False,False,True,False,False,False,True,False,True,False,False,False
RAN meter drift (3-5 d),SITE__2444259890,2026-02-25,5,True,True,True,True,True,True,True,True,True,True,True,True,True,True
RAN meter drift (3-5 d),SITE__1015814051,2026-03-26,3,False,False,True,False,True,False,False,False,False,False,True,False,False,False
Rectifier efficiency loss (3-5 d),SITE__1015814051,2026-05-14,3,False,False,False,False,False,False,False,False,False,False,False,False,False,False
"Load drop (sector outage, 1-3 d)",SITE__1904387212,2026-03-17,3,True,False,False,False,True,False,False,False,True,False,True,False,False,False
"Load surge (non-RAN load, 1 d)",SITE__1904387212,2026-05-13,1,True,False,True,False,True,False,True,False,True,False,True,False,True,False
Rectifier efficiency loss (3-5 d),SITE__2717095840,2026-05-07,4,False,False,False,False,False,False,False,False,False,False,False,False,False,False
"Load surge (non-RAN load, 1 d)",SITE__2717095840,2026-03-01,1,True,False,True,False,True,False,True,False,True,False,True,False,True,False
RAN meter drift (3-5 d),SITE__2756746412,2026-06-02,4,True,False,True,False,True,False,True,False,False,False,True,False,False,False
"Load surge (non-RAN load, 1 d)",SITE__2756746412,2026-03-03,1,True,False,True,False,True,False,True,False,True,False,True,False,True,False
"Load drop (sector outage, 1-3 d)",SITE__602427672,2026-05-02,3,True,False,False,False,True,False,False,False,True,False,True,False,False,False
RAN meter drift (3-5 d),SITE__708541477,2026-03-23,4,True,False,True,True,True,True,True,False,True,False,True,True,True,False
Rectifier efficiency loss (3-5 d),SITE__708541477,2026-05-08,3,False,False,True,True,True,True,False,False,False,False,True,True,False,False
Battery overheating (2-4 d),SITE__2685367993,2026-03-11,2,False,False,False,False,False,False,False,False,False,False,False,False,False,False
Supply interruption (1-2 d),SITE__2685367993,2026-05-16,1,False,False,True,False,True,False,False,False,False,False,True,False,False,False
"Load drop (sector outage, 1-3 d)",SITE__629733078,2026-04-16,3,True,False,False,False,True,False,False,False,True,False,True,False,False,False
Battery overheating (2-4 d),SITE__629733078,2026-06-02,2,False,False,True,False,True,False,False,False,False,False,True,False,False,False
Supply interruption (1-2 d),SITE__1623931693,2026-03-22,2,False,False,True,False,True,False,False,False,False,False,True,False,False,False
"Load surge (non-RAN load, 1 d)",SITE__1623931693,2026-05-26,1,True,False,True,False,True,False,True,False,True,False,True,False,True,False
Rectifier efficiency loss (3-5 d),SITE__870914636,2026-03-20,3,False,False,False,False,False,False,False,False,False,False,False,False,False,False
"Load surge (non-RAN load, 1 d)",SITE__870914636,2026-05-06,1,True,False,True,False,True,False,True,False,True,False,True,False,True,False
Battery overheating (2-4 d),SITE__2428120227,2026-03-29,2,False,False,True,False,True,False,False,False,False,False,True,False,False,False
Rectifier efficiency loss (3-5 d),SITE__2428120227,2026-05-20,4,False,False,False,False,False,False,False,False,False,False,False,False,False,False
Rectifier efficiency loss (3-5 d),SITE__809991663,2026-05-23,5,True,True,True,True,True,True,True,True,True,True,True,True,True,True
"Load surge (non-RAN load, 1 d)",SITE__809991663,2026-04-02,1,True,False,True,False,True,False,True,False,True,False,True,False,True,False
"Load drop (sector outage, 1-3 d)",SITE__312140763,2026-05-08,3,True,False,False,False,True,False,False,False,True,False,True,False,False,False
"Load surge (non-RAN load, 1 d)",SITE__312140763,2026-03-14,1,True,False,True,False,True,False,True,False,True,False,True,False,True,False
Battery overheating (2-4 d),SITE__2314449256,2026-05-01,4,False,False,False,False,False,False,False,False,False,False,False,False,False,False
Supply interruption (1-2 d),SITE__2314449256,2026-03-08,2,False,False,True,False,True,False,False,False,False,False,True,False,False,False
Battery overheating (2-4 d),SITE__595768149,2026-05-21,3,False,False,True,False,True,False,False,False,False,False,True,False,False,False
"Load surge (non-RAN load, 1 d)",SITE__595768149,2026-03-20,1,True,False,True,False,True,False,True,False,True,False,True,False,True,False
Battery overheating (2-4 d),SITE__1689150692,2026-05-22,3,False,False,True,False,True,False,False,False,False,False,True,False,False,False
"Load surge (non-RAN load, 1 d)",SITE__1689150692,2026-02-24,1,True,False,True,False,True,False,True,False,True,False,True,False,True,False
Rectifier efficiency loss (3-5 d),SITE__1578787672,2026-05-22,3,False,False,False,False,False,False,False,False,False,False,False,False,False,False
RAN meter drift (3-5 d),SITE__1578787672,2026-02-28,5,True,False,True,False,True,False,True,False,False,False,True,False,False,False
Supply interruption (1-2 d),SITE__1571267179,2026-03-16,1,False,False,True,False,True,False,False,False,False,False,True,False,False,False
Rectifier efficiency loss (3-5 d),SITE__1571267179,2026-05-14,3,False,False,True,True,True,True,False,False,False,False,True,True,False,False
"Load drop (sector outage, 1-3 d)",SITE__285810116,2026-04-01,1,True,False,False,False,True,False,False,False,True,False,True,False,False,False
Supply interruption (1-2 d),SITE__285810116,2026-06-02,2,False,False,True,False,True,False,False,False,False,False,True,False,False,False
RAN meter drift (3-5 d),SITE__171159328,2026-03-14,5,False,False,True,False,True,False,False,False,False,False,True,False,False,False
Battery overheating (2-4 d),SITE__171159328,2026-05-24,3,False,False,True,False,True,False,False,False,False,False,True,False,False,False
"Load drop (sector outage, 1-3 d)",SITE__926230111,2026-02-26,1,True,False,False,False,True,False,False,False,True,False,True,False,False,False
"Load drop (sector outage, 1-3 d)",SITE__926230111,2026-06-02,2,True,False,False,False,True,False,False,False,True,False,True,False,False,False
RAN meter drift (3-5 d),SITE__740947047,2026-02-26,4,False,False,True,False,True,False,False,False,True,False,True,False,False,False
Supply interruption (1-2 d),SITE__740947047,2026-05-22,1,False,False,True,False,True,False,False,False,False,False,True,False,False,False
Battery overheating (2-4 d),SITE__1128795381,2026-04-29,4,False,False,False,False,False,False,False,False,False,False,False,False,False,False
"Load drop (sector outage, 1-3 d)",SITE__1128795381,2026-02-26,1,True,True,True,True,True,True,True,True,True,True,True,True,True,True
"Load drop (sector outage, 1-3 d)",SITE__96726881,2026-04-30,2,True,True,False,False,True,True,False,False,True,False,True,False,False,False
Supply interruption (1-2 d),SITE__96726881,2026-03-10,2,False,False,True,True,True,True,False,False,False,False,True,True,False,False
"Load surge (non-RAN load, 1 d)",SITE__489889909,2026-06-01,1,True,False,True,False,True,False,True,False,True,False,True,False,True,False
Rectifier efficiency loss (3-5 d),SITE__489889909,2026-02-28,5,False,False,False,False,False,False,False,False,False,False,False,False,False,False
"Load drop (sector outage, 1-3 d)",SITE__184412929,2026-05-27,1,True,False,False,False,True,False,False,False,True,False,True,False,False,False
"Load surge (non-RAN load, 1 d)",SITE__184412929,2026-03-05,1,True,False,True,False,True,False,True,False,True,False,True,False,True,False
Battery overheating (2-4 d),SITE__235832794,2026-05-15,3,False,False,True,False,True,False,False,False,False,False,True,False,False,False
RAN meter drift (3-5 d),SITE__235832794,2026-02-26,5,True,True,True,False,True,True,True,False,True,True,True,True,True,False
"Load surge (non-RAN load, 1 d)",SITE__1400239710,2026-05-01,1,True,False,True,False,True,False,True,False,True,False,True,False,True,False
"Load surge (non-RAN load, 1 d)",SITE__1400239710,2026-02-24,1,True,False,True,False,True,False,True,False,True,False,True,False,True,False
Supply interruption (1-2 d),SITE__2079484634,2026-04-11,1,False,False,True,False,True,False,False,False,False,False,True,False,False,False
Rectifier efficiency loss (3-5 d),SITE__2079484634,2026-05-31,3,False,False,False,False,False,False,False,False,False,False,False,False,False,False
Battery overheating (2-4 d),SITE__1244471524,2026-05-07,2,False,False,True,False,True,False,False,False,False,False,True,False,False,False
"Load surge (non-RAN load, 1 d)",SITE__1244471524,2026-03-04,1,True,False,True,False,True,False,True,False,True,False,True,False,True,False
"Load surge (non-RAN load, 1 d)",SITE__1752747878,2026-03-05,1,True,False,True,False,True,False,True,False,True,False,True,False,True,False
Rectifier efficiency loss (3-5 d),SITE__1752747878,2026-05-19,4,False,False,False,False,False,False,False,False,False,False,False,False,False,False
Supply interruption (1-2 d),SITE__3795803,2026-05-12,2,False,False,True,False,True,False,False,False,False,False,True,False,False,False
RAN meter drift (3-5 d),SITE__3795803,2026-03-18,5,False,False,True,False,True,False,False,False,True,False,True,False,True,False
Rectifier efficiency loss (3-5 d),SITE__2270446321,2026-05-02,3,False,False,False,False,False,False,False,False,False,False,False,False,False,False
"Load surge (non-RAN load, 1 d)",SITE__2270446321,2026-02-28,1,True,False,True,False,True,False,True,False,True,True,True,True,True,False
Battery overheating (2-4 d),SITE__2626565251,2026-03-06,2,False,False,True,False,True,False,False,False,False,False,True,False,False,False
Supply interruption (1-2 d),SITE__2626565251,2026-05-14,1,False,False,True,False,True,False,False,False,False,False,True,False,False,False
Battery overheating (2-4 d),SITE__2329140178,2026-02-25,2,True,True,False,False,True,True,False,False,True,True,True,True,False,False
Rectifier efficiency loss (3-5 d),SITE__1126260136,2026-04-16,3,True,True,True,True,True,True,False,False,True,True,True,True,False,False
Supply interruption (1-2 d),SITE__1126260136,2026-05-31,2,False,False,True,True,True,True,False,False,False,False,True,True,False,False
"Load drop (sector outage, 1-3 d)",SITE__2447771887,2026-03-28,2,True,True,False,False,True,True,False,False,True,True,True,True,False,False
Supply interruption (1-2 d),SITE__2447771887,2026-05-24,2,False,False,True,False,True,False,False,False,False,False,True,False,False,False
"Load surge (non-RAN load, 1 d)",SITE__2920216655,2026-03-10,1,True,False,True,True,True,True,True,False,True,False,True,True,True,False
Supply interruption (1-2 d),SITE__2920216655,2026-05-17,2,False,False,True,False,True,False,False,False,False,False,True,False,False,False
Battery overheating (2-4 d),SITE__362515499,2026-02-28,2,True,True,False,False,True,True,False,False,False,False,False,False,False,False
Rectifier efficiency loss (3-5 d),SITE__362515499,2026-04-29,5,False,False,False,False,False,False,False,False,False,False,False,False,False,False
Battery overheating (2-4 d),SITE__1096538963,2026-06-03,4,False,False,True,False,True,False,False,False,False,False,True,False,False,False
Supply interruption (1-2 d),SITE__1096538963,2026-04-14,1,False,False,True,False,True,False,False,False,False,False,True,False,False,False
"Load surge (non-RAN load, 1 d)",SITE__1374246989,2026-03-10,1,True,False,True,False,True,False,True,False,True,False,True,False,True,False
"Load surge (non-RAN load, 1 d)",SITE__1374246989,2026-05-10,1,True,False,True,False,True,False,True,False,True,False,True,False,True,False
Battery overheating (2-4 d),SITE__2593759484,2026-03-14,4,False,False,True,False,True,False,False,False,False,False,True,False,False,False
"Load surge (non-RAN load, 1 d)",SITE__2593759484,2026-05-05,1,True,False,True,False,True,False,True,False,True,False,True,False,True,False
Supply interruption (1-2 d),SITE__504651598,2026-05-02,2,False,False,True,False,True,False,False,False,False,False,True,False,False,False
Battery overheating (2-4 d),SITE__504651598,2026-03-11,3,False,False,False,False,False,False,False,False,False,False,False,False,False,False
Rectifier efficiency loss (3-5 d),SITE__1653131530,2026-03-08,4,True,True,False,False,True,True,False,False,True,True,True,True,False,False
Rectifier efficiency loss (3-5 d),SITE__1653131530,2026-05-03,5,False,False,False,False,False,False,False,False,False,False,False,False,False,False
"Load surge (non-RAN load, 1 d)",SITE__1613743762,2026-03-21,1,True,False,True,False,True,False,True,False,True,False,True,False,True,False
Battery overheating (2-4 d),SITE__1613743762,2026-05-08,2,False,False,True,False,True,False,False,False,False,False,True,False,False,False
Supply interruption (1-2 d),SITE__1994840046,2026-05-30,1,False,False,True,False,True,False,False,False,False,False,True,False,False,False
Rectifier efficiency loss (3-5 d),SITE__1994840046,2026-04-14,3,False,False,False,False,False,False,False,False,False,False,False,False,False,False
"Load drop (sector outage, 1-3 d)",SITE__2100070039,2026-03-28,3,True,True,False,False,True,True,False,False,True,True,True,True,False,False
"Load drop (sector outage, 1-3 d)",SITE__2100070039,2026-05-21,2,True,False,False,False,True,False,False,False,True,False,True,False,False,False
Rectifier efficiency loss (3-5 d),SITE__2299593518,2026-03-08,3,False,False,True,True,True,True,False,False,False,False,True,True,False,False
Supply interruption (1-2 d),SITE__2299593518,2026-05-20,2,False,False,True,False,True,False,False,False,False,False,True,False,False,False
Supply interruption (1-2 d),SITE__1597551429,2026-05-23,2,False,False,True,False,True,False,False,False,False,False,True,False,False,False
Supply interruption (1-2 d),SITE__1597551429,2026-03-31,2,False,False,True,False,True,False,False,False,False,False,True,False,False,False
"Load surge (non-RAN load, 1 d)",SITE__2256010371,2026-03-14,1,True,False,True,False,True,False,True,False,True,False,True,False,True,False
Battery overheating (2-4 d),SITE__2256010371,2026-04-28,4,False,False,True,False,True,False,False,False,False,False,True,False,False,False
RAN meter drift (3-5 d),SITE__2539225599,2026-03-07,5,False,False,True,True,True,True,False,False,True,False,True,True,True,False
"Load surge (non-RAN load, 1 d)",SITE__2539225599,2026-05-31,1,True,False,True,False,True,False,True,False,True,False,True,False,True,False
Battery overheating (2-4 d),SITE__2829910853,2026-03-28,3,False,False,True,False,True,False,False,False,False,False,True,False,False,False
RAN meter drift (3-5 d),SITE__2829910853,2026-05-24,5,False,False,True,False,True,False,False,False,True,False,True,False,True,False
Battery overheating (2-4 d),SITE__1455729353,2026-05-27,4,True,True,True,False,True,True,False,False,True,True,True,True,False,False
RAN meter drift (3-5 d),SITE__1455729353,2026-03-31,5,True,False,True,False,True,False,True,False,True,False,True,False,True,False
"Load surge (non-RAN load, 1 d)",SITE__2980738201,2026-04-02,1,True,False,True,False,True,False,True,False,True,False,True,False,True,False
Battery overheating (2-4 d),SITE__2980738201,2026-05-28,4,False,False,False,False,False,False,False,False,False,False,False,False,False,False
"Load drop (sector outage, 1-3 d)",SITE__212667644,2026-05-27,1,True,False,False,False,True,False,False,False,True,False,True,False,False,False
Battery overheating (2-4 d),SITE__212667644,2026-03-08,2,False,False,True,False,True,False,False,False,False,False,True,False,False,False
Rectifier efficiency loss (3-5 d),SITE__434734953,2026-02-25,5,True,True,False,False,True,True,False,False,False,False,False,False,False,False
"Load drop (sector outage, 1-3 d)",SITE__434734953,2026-04-11,3,True,False,False,False,True,False,False,False,True,False,True,False,False,False
Battery overheating (2-4 d),SITE__2331045619,2026-05-15,3,False,False,True,False,True,False,False,False,False,False,True,False,False,False
RAN meter drift (3-5 d),SITE__2331045619,2026-03-17,5,True,False,True,False,True,False,True,False,True,False,True,False,True,False
Supply interruption (1-2 d),SITE__1663763625,2026-04-19,2,False,False,True,True,True,True,False,False,False,False,True,True,False,False
Battery overheating (2-4 d),SITE__1663763625,2026-03-04,2,False,False,True,True,True,True,False,False,False,False,True,True,False,False
"Load surge (non-RAN load, 1 d)",SITE__46779788,2026-05-17,1,True,False,True,False,True,False,True,False,True,False,True,False,True,False
"Load drop (sector outage, 1-3 d)",SITE__46779788,2026-03-27,1,True,False,False,False,True,False,False,False,True,False,True,False,False,False
Rectifier efficiency loss (3-5 d),SITE__2079547765,2026-05-29,3,False,False,False,False,False,False,False,False,False,False,False,False,False,False
Rectifier efficiency loss (3-5 d),SITE__2079547765,2026-03-02,4,False,False,False,False,False,False,False,False,False,False,False,False,False,False
"Load surge (non-RAN load, 1 d)",SITE__921612127,2026-03-26,1,True,False,True,False,True,False,True,False,True,False,True,False,True,False
Battery overheating (2-4 d),SITE__921612127,2026-05-19,3,True,True,True,False,True,True,True,False,True,True,True,True,True,False
RAN meter drift (3-5 d),SITE__39082653,2026-04-23,5,False,False,True,False,True,False,False,False,True,False,True,False,True,False
Supply interruption (1-2 d),SITE__39082653,2026-03-05,2,False,False,True,False,True,False,False,False,False,False,True,False,False,False
Rectifier efficiency loss (3-5 d),SITE__1883542189,2026-05-15,4,False,False,False,False,False,False,False,False,False,False,False,False,False,False
RAN meter drift (3-5 d),SITE__1883542189,2026-03-04,3,False,False,True,False,True,False,False,False,False,False,True,False,False,False
Rectifier efficiency loss (3-5 d),SITE__2638847823,2026-03-01,5,False,False,False,False,False,False,False,False,False,False,False,False,False,False
RAN meter drift (3-5 d),SITE__2638847823,2026-05-27,5,True,False,True,False,True,False,True,False,True,False,True,False,True,False
Rectifier efficiency loss (3-5 d),SITE__2263024956,2026-05-01,5,False,False,False,False,False,False,False,False,False,False,False,False,False,False
"Load surge (non-RAN load, 1 d)",SITE__2263024956,2026-02-24,1,True,False,True,False,True,False,True,False,True,False,True,False,True,False
"Load drop (sector outage, 1-3 d)",SITE__650348872,2026-03-27,2,True,False,False,False,True,False,False,False,True,False,True,False,False,False
Battery overheating (2-4 d),SITE__650348872,2026-05-31,4,False,False,False,False,False,False,False,False,False,False,False,False,False,False
"Load surge (non-RAN load, 1 d)",SITE__1590241445,2026-04-01,1,True,False,True,False,True,False,True,False,True,False,True,False,True,False
Supply interruption (1-2 d),SITE__1590241445,2026-06-03,2,False,False,True,False,True,False,False,False,False,False,True,False,False,False
RAN meter drift (3-5 d),SITE__1925198992,2026-03-19,4,True,False,True,True,True,True,True,False,True,False,True,True,True,False
RAN meter drift (3-5 d),SITE__1925198992,2026-05-10,5,True,False,True,True,True,True,True,False,True,False,True,True,True,False
Supply interruption (1-2 d),SITE__345390542,2026-03-26,2,False,False,True,False,True,False,False,False,False,False,True,False,False,False
Battery overheating (2-4 d),SITE__345390542,2026-06-03,3,False,False,True,False,True,False,False,False,False,False,True,False,False,False
Battery overheating (2-4 d),SITE__2063934715,2026-03-18,4,False,False,False,False,False,False,False,False,True,True,True,True,False,False
Battery overheating (2-4 d),SITE__2063934715,2026-05-17,4,False,False,False,False,False,False,False,False,True,True,True,True,False,False
Supply interruption (1-2 d),SITE__1623317662,2026-03-09,2,False,False,True,False,True,False,False,False,False,False,True,False,False,False
RAN meter drift (3-5 d),SITE__1623317662,2026-05-17,3,True,False,True,False,True,False,True,False,True,False,True,False,True,False
Supply interruption (1-2 d),SITE__2490534228,2026-04-10,2,False,False,True,False,True,False,False,False,False,False,True,False,False,False
"Load surge (non-RAN load, 1 d)",SITE__2490534228,2026-06-01,1,True,False,False,False,True,False,False,False,True,False,True,False,False,False
RAN meter drift (3-5 d),SITE__2263791199,2026-05-23,4,True,False,True,False,True,False,True,False,True,False,True,False,True,False
Rectifier efficiency loss (3-5 d),SITE__2263791199,2026-04-04,5,False,False,True,False,True,False,False,False,False,False,True,False,False,False
Rectifier efficiency loss (3-5 d),SITE__307592517,2026-03-07,3,False,False,False,False,False,False,False,False,False,False,False,False,False,False
Supply interruption (1-2 d),SITE__307592517,2026-05-09,1,False,False,True,False,True,False,False,False,False,False,True,False,False,False
Supply interruption (1-2 d),SITE__755265007,2026-04-11,2,False,False,True,False,True,False,False,False,False,False,True,False,False,False
"Load drop (sector outage, 1-3 d)",SITE__755265007,2026-06-03,1,True,False,False,False,True,False,False,False,True,False,True,False,False,False
Battery overheating (2-4 d),SITE__108774720,2026-03-23,4,False,False,False,False,False,False,False,False,False,False,False,False,False,False
Supply interruption (1-2 d),SITE__108774720,2026-05-09,2,False,False,True,False,True,False,False,False,True,True,True,True,True,False
RAN meter drift (3-5 d),SITE__1589720123,2026-02-26,3,False,False,True,False,True,False,False,False,False,False,True,False,False,False
Rectifier efficiency loss (3-5 d),SITE__1589720123,2026-05-07,5,False,False,False,False,False,False,False,False,False,False,False,False,False,False
"Load drop (sector outage, 1-3 d)",SITE__16543194,2026-04-15,3,True,False,False,False,True,False,False,False,True,False,True,False,False,False
RAN meter drift (3-5 d),SITE__16543194,2026-06-03,3,False,False,True,False,True,False,False,False,False,False,True,False,False,False
"Load surge (non-RAN load, 1 d)",SITE__1696175408,2026-05-04,1,True,False,True,False,True,False,True,False,True,False,True,False,True,False
Supply interruption (1-2 d),SITE__1696175408,2026-03-07,2,False,False,True,False,True,False,False,False,False,False,True,False,False,False
RAN meter drift (3-5 d),SITE__1405348164,2026-03-28,5,False,False,True,True,True,True,False,False,False,False,True,True,False,False
Battery overheating (2-4 d),SITE__1405348164,2026-05-20,3,False,False,True,False,True,False,False,False,False,False,True,False,False,False
"Load drop (sector outage, 1-3 d)",SITE__1104853120,2026-04-10,3,True,False,True,True,True,True,True,False,True,False,True,True,True,False
"Load surge (non-RAN load, 1 d)",SITE__1104853120,2026-05-29,1,True,False,True,False,True,False,True,False,True,False,True,False,True,False
Battery overheating (2-4 d),SITE__1197785589,2026-05-08,3,False,False,True,False,True,False,False,False,False,False,True,False,False,False
RAN meter drift (3-5 d),SITE__1197785589,2026-03-24,5,False,False,True,False,True,False,False,False,False,False,True,False,False,False
Battery overheating (2-4 d),SITE__235225032,2026-04-05,3,False,False,True,False,True,False,False,False,False,False,True,False,False,False
"Load surge (non-RAN load, 1 d)",SITE__235225032,2026-06-03,1,True,False,True,False,True,False,True,False,True,False,True,False,True,False
Rectifier efficiency loss (3-5 d),SITE__1095528367,2026-03-17,3,False,False,False,False,False,False,False,False,False,False,False,False,False,False
"Load surge (non-RAN load, 1 d)",SITE__1095528367,2026-05-09,1,True,False,True,False,True,False,True,False,True,False,True,False,True,False
"Load drop (sector outage, 1-3 d)",SITE__1568953831,2026-05-01,3,True,False,False,False,True,False,False,False,True,False,True,False,False,False
RAN meter drift (3-5 d),SITE__1568953831,2026-03-01,4,False,False,True,False,True,False,False,False,False,False,True,False,False,False
Supply interruption (1-2 d),SITE__2336718566,2026-03-25,2,False,False,True,False,True,False,False,False,False,False,True,False,False,False
Supply interruption (1-2 d),SITE__2336718566,2026-05-20,1,False,False,True,False,True,False,False,False,False,False,True,False,False,False
"Load surge (non-RAN load, 1 d)",SITE__600535140,2026-04-09,1,True,False,True,False,True,False,True,False,True,False,True,False,True,False
"Load surge (non-RAN load, 1 d)",SITE__600535140,2026-05-30,1,True,False,True,False,True,False,True,False,True,False,True,False,True,False
Battery overheating (2-4 d),SITE__2483022198,2026-04-18,4,True,True,True,False,True,True,True,False,True,True,True,True,True,False
"Load surge (non-RAN load, 1 d)",SITE__2483022198,2026-02-27,1,True,False,True,False,True,False,True,False,True,False,True,False,True,False
Rectifier efficiency loss (3-5 d),SITE__2827229291,2026-02-27,4,True,True,False,False,True,True,False,False,False,False,False,False,False,False
RAN meter drift (3-5 d),SITE__2827229291,2026-05-12,3,False,False,True,False,True,False,False,False,False,False,True,False,False,False
Battery overheating (2-4 d),SITE__1898473258,2026-04-18,2,False,False,True,False,True,False,False,False,False,False,True,False,False,False
"Load drop (sector outage, 1-3 d)",SITE__1898473258,2026-02-28,2,True,True,False,False,True,True,False,False,True,True,True,True,False,False
Supply interruption (1-2 d),SITE__1998478064,2026-05-29,1,False,False,True,False,True,False,False,False,False,False,True,False,False,False
Supply interruption (1-2 d),SITE__1998478064,2026-03-13,1,False,False,True,False,True,False,False,False,False,False,True,False,False,False
Rectifier efficiency loss (3-5 d),SITE__1309445909,2026-05-20,4,False,False,False,False,False,False,False,False,False,False,False,False,False,False
Supply interruption (1-2 d),SITE__1309445909,2026-03-10,2,False,False,True,False,True,False,False,False,False,False,True,False,False,False
"Load surge (non-RAN load, 1 d)",SITE__2403674796,2026-04-05,1,True,False,False,False,True,False,False,False,True,False,True,False,False,False
Battery overheating (2-4 d),SITE__2403674796,2026-05-26,4,False,False,False,False,False,False,False,False,False,False,False,False,False,False
Supply interruption (1-2 d),SITE__2972371900,2026-04-22,2,True,True,True,False,True,True,True,False,True,True,True,True,True,False
Battery overheating (2-4 d),SITE__2972371900,2026-02-26,3,True,True,False,False,True,True,False,False,True,True,True,True,False,False
